""	"AqFl2-01"	"AqFl2-02"	"AqFl2-03"	"AqFl2-04"	"AqFl2-05"	"AqFl2-06"	"AqFl2-07"	"AqFl2-08"	"AqFl2-09"	"AqFl2-10"	"AqFl2-11"	"AqFl2-12"	"AqFl2-13"	"AqFl2-14"	"AqFl2-15"	"AqFl2-16"	"AqFl2-17"	"AqFl2-18"	"AqFl2-19"	"AqFl2-20"	"AqFl2-21"	"AqFl2-22"	"AqFl2-23"	"AqFl2-24"	"AqFl2-25"	"AqFl2-26"	"AqFl2-27"	"AqFl2-28"	"AqFl2-29"	"AqFl2-30"	"AqFl2-31"	"AqFl2-32"	"AqFl2-33"	"AqFl2-34"	"AqFl2-35"	"AqFl2-36"	"AqFl2-37"	"AqFl2-38"	"AqFl2-39"	"AqFl2-40"	"AqFl2-41"	"AqFl2-42"	"AqFl2-43"	"AqFl2-44"	"AqFl2-45"	"AqFl2-46"	"AqFl2-47"	"AqFl2-48"	"AqFl2-49"	"AqFl2-50"	"AqFl2-51"	"AqFl2-52"	"AqFl2-53"	"AqFl2-54"	"AqFl2-55"	"AqFl2-56"	"AqFl2-57"	"AqFl2-58"	"AqFl2-59"	"AqFl2-61"	"AqFl2-62"	"AqFl2-63"	"AqFl2-64"	"AqFl2-65"	"AqFl2-66"	"AqFl2-67"	"AqFl2-68"	"AqFl2-69"	"AqFl2-70"	"AqFl2-71"	"AqFl2-72"
"AqFl2-01"	0	0.608520342898864	0.820611621458515	0.653494412607942	0.599122059175334	0.763802552484352	0.362435140267304	0.763477608112113	0.638645977571	0.332274998160617	0.745316897618946	0.637990796258342	0.709347979160457	0.423052527080703	0.679635582229447	0.778327692658727	0.769494764150462	0.629289724312111	0.397058767442781	0.494644660232032	0.625541447002346	0.395718097781219	0.766873627729938	0.649449329378825	0.316585942163027	0.646065498960533	0.717652747528546	0.628500092839609	0.635381518792106	0.767342804455606	0.372770640882578	0.592892614799637	0.342900260217815	0.594237043174827	0.647209813084479	0.685615836609678	0.374629396491845	0.717812714353472	0.730062097472822	0.596673842656326	0.671529586628369	0.526009735841216	0.366381282983202	0.591363723441138	0.707181297421435	0.351697786607588	0.734847221994254	0.607107464759935	0.395841546004816	0.580010774928212	0.754931013831905	0.636979364166453	0.751827861642481	0.549857644593868	0.632081280579783	0.348342460241836	0.342233632452755	0.614324631989935	0.631138668022252	0.635045232923892	0.361380614370659	0.616700363099701	0.719330774305976	0.802379494190743	0.801169629106858	0.350422994587607	0.602777380656276	0.527637310604255	0.352154275702191	0.773933460361335	0.598511625361669
"AqFl2-02"	0.608520342898864	0	0.566359683930568	0.587523557187164	0.666527238417692	0.492193469475574	0.68953115173394	0.441783101901042	0.341585732195797	0.631963861467822	0.450166463815261	0.677395462809944	0.399293272111107	0.579230908599777	0.574362876310162	0.493153050484131	0.508903354936864	0.658391346821829	0.692534371831719	0.434188333205393	0.463769234913872	0.611748840212256	0.463928559434419	0.604657441650747	0.661525615275032	0.33793187843225	0.466059323807841	0.711863473413549	0.700106092912431	0.441410589594827	0.672734789327596	0.34864444489192	0.671562541027621	0.447072198234444	0.629752158846336	0.482436238642563	0.609609364942114	0.39278607932215	0.463895481132684	0.632799445594222	0.401715537951752	0.682049609277698	0.681456224227455	0.345432873599112	0.403077543406396	0.689987515252005	0.525938422411788	0.704757884015944	0.674361564091495	0.454925018653482	0.483202034587301	0.642802623425046	0.458202892419604	0.644747088560347	0.311972642085082	0.706253394457735	0.696510476813144	0.399201989021514	0.645956062448742	0.350864426638784	0.631376891509896	0.65709099752038	0.436939480640396	0.496505833998023	0.532851830188731	0.615293949450042	0.378543757162399	0.430414868331636	0.679580010512155	0.53692167225446	0.599669151864786
"AqFl2-03"	0.820611621458515	0.566359683930568	0	0.644142559153209	0.767266320967477	0.420643561463437	0.821386440506425	0.324090045465771	0.546721042395642	0.816112530401074	0.347379706922587	0.763662849829174	0.509100782229096	0.759864895613525	0.559083885544512	0.396094039621152	0.345230857969069	0.745981640093663	0.841504551700248	0.645709109514747	0.651068913338382	0.793780132472678	0.302575064274345	0.690297098611584	0.824537049909958	0.599808476685271	0.476611201016634	0.807120281764171	0.722138287463441	0.301702906589127	0.817738035522953	0.578005285961149	0.811587792569067	0.649268293240228	0.640621431750328	0.496462973790465	0.769223720848642	0.496786590828407	0.381268974134326	0.755592049188771	0.460151044174656	0.82306954433638	0.839685362778982	0.586615587985519	0.549434974814711	0.818592127767094	0.396234711115656	0.76494801533491	0.808574215500956	0.61299331964956	0.420233583887738	0.727947170878838	0.29565975053646	0.7573874047765	0.543306669962811	0.846294027762719	0.83071251349981	0.577269156955436	0.725893273630188	0.531424603279042	0.800683963352605	0.752946649834093	0.40882452352375	0.207491201573635	0.354446775963876	0.785600464156938	0.556469159982753	0.636256037696368	0.834025362880038	0.316062764615862	0.709949515373569
"AqFl2-04"	0.653494412607942	0.587523557187164	0.644142559153209	0	0.49323237665771	0.642595224742252	0.664586213674367	0.606878717688579	0.617699783779042	0.634464689875878	0.60766769475777	0.499923160987563	0.621352547922944	0.624407458599375	0.449573280984004	0.658010926886036	0.657285720204642	0.497993266781976	0.692758758643523	0.58099258723392	0.641891223530779	0.676333829078552	0.569164214579448	0.407010124787336	0.67265836971287	0.584886085226199	0.626472706805311	0.50380186450758	0.46943400918461	0.577395419550149	0.658333760966297	0.549532179538935	0.642244793388814	0.647871621063255	0.477258272142078	0.58215407974484	0.600619551687204	0.593535569718389	0.558775294402571	0.5166810815911	0.530665821874879	0.591494367385068	0.682854682306691	0.591059185354494	0.631742684674354	0.653456196848101	0.551688389007468	0.4758148224318	0.628076535320336	0.534152321230927	0.615185308280039	0.488988730192851	0.567319462845483	0.521236667860581	0.559631295305474	0.672841863217989	0.657795737240974	0.559696646363081	0.430770086506682	0.558301119113079	0.616709550467821	0.458256636077828	0.52274927476286	0.608429555551148	0.616990411869858	0.652871175322557	0.550873721448972	0.590422588944679	0.682540919806719	0.616836779977371	0.400951482698777
"AqFl2-05"	0.599122059175334	0.666527238417692	0.767266320967477	0.49323237665771	0	0.703995219143101	0.634157062593875	0.737043097869654	0.670433551104992	0.591396468424661	0.676566410800012	0.427825420408804	0.704975998149732	0.580763086270832	0.518891746910993	0.714789325395444	0.707999623733696	0.407469683043335	0.599691468692709	0.62459450546396	0.691976342809971	0.661651462351475	0.684830409457898	0.39748765229277	0.618909211889829	0.68043729253843	0.658890249537013	0.439076884598188	0.409915748321338	0.703384851933826	0.625201976737805	0.653965321457682	0.600209182495711	0.671929501101084	0.519137006180866	0.638973814143328	0.595512443722966	0.720438873742251	0.67337937863002	0.482739321333405	0.627832901665008	0.501300537123865	0.621517141270942	0.661855381152963	0.717606347280875	0.600775179173943	0.666688136694303	0.445469032054171	0.595965404013605	0.559503991029689	0.682081000544606	0.423888087910773	0.684588742468686	0.429071294692694	0.629674439830452	0.604325929672552	0.61563863407393	0.631377034675111	0.44711813278138	0.663750739540659	0.608305304008618	0.429788108394807	0.645559394903007	0.74255668725875	0.746068147882936	0.622594488431185	0.669345513447046	0.599713167991007	0.61438385214013	0.73958313701566	0.470684081099806
"AqFl2-06"	0.763802552484352	0.492193469475574	0.420643561463437	0.642595224742252	0.703995219143101	0	0.78565210743428	0.475637305387112	0.463968259787393	0.765059308722423	0.324970884978068	0.712312364800904	0.443458881522161	0.720879906118644	0.608269084128681	0.358395766497381	0.286247779106457	0.709900112482178	0.797015281878658	0.620028866266272	0.595018594138991	0.755072283265277	0.422315351053781	0.645903067082087	0.775493201733142	0.535486731938653	0.441269806034016	0.761538323789748	0.739230700951174	0.385953900592935	0.783582682594684	0.541456590938571	0.765604466265328	0.479810856140107	0.66055016117036	0.44871989768948	0.735060238783092	0.522770413655303	0.445229592063085	0.716620531093946	0.450653106499674	0.7726469233633	0.788431197832574	0.563428986928825	0.482205969804444	0.786097954889589	0.522425242762744	0.752888429927714	0.784021112984159	0.519982265696864	0.232547629833899	0.678556536714725	0.391737051307449	0.717624838639445	0.466729332997258	0.80296313957782	0.799451181055466	0.506268284212758	0.685276314355861	0.52039622775841	0.765418026836972	0.713304157115147	0.423242646115992	0.425914070434724	0.508379729501727	0.77136032079175	0.566218644714596	0.596398071705761	0.781881078345112	0.528068196663174	0.667239515564122
"AqFl2-07"	0.362435140267304	0.68953115173394	0.821386440506425	0.664586213674367	0.634157062593875	0.78565210743428	0	0.748530376401325	0.654985528277243	0.353990008291875	0.783712806183239	0.689598516536197	0.745399119018159	0.394173736929662	0.706919840533758	0.817409675581669	0.802793761539491	0.656998110400057	0.355498822901391	0.531277883138224	0.678169842746203	0.38923798008279	0.80365084000519	0.687621191243178	0.279537166230915	0.691002006672936	0.734135649570103	0.665797476154293	0.637770762374537	0.80543545971153	0.309396044813544	0.648003031189883	0.308659957439899	0.625072476770807	0.679575405029745	0.721789734978938	0.371009195658511	0.734908839730821	0.76761785665345	0.613580200168498	0.738770583601537	0.571985683748831	0.372647129441882	0.601646900660866	0.737873549425295	0.357828941426489	0.743012460165076	0.613515431992506	0.344382377528195	0.607667445030499	0.78332149728978	0.660586751428454	0.795202430341153	0.589598237959797	0.658890352551035	0.351506228710073	0.299353367254302	0.635474922501322	0.657852441195324	0.633179390149099	0.36690593047855	0.660231142851606	0.758685852929118	0.806015183757326	0.809527380351181	0.327959325362158	0.613737872868739	0.548312131922901	0.320793436113063	0.79036181106863	0.66231638464063
"AqFl2-08"	0.763477608112113	0.441783101901042	0.324090045465771	0.606878717688579	0.737043097869654	0.475637305387112	0.748530376401325	0	0.423350975948994	0.754723458831059	0.335756299413957	0.728755372922265	0.372638273618201	0.679671962155345	0.553689364844943	0.400418215712214	0.419489739725388	0.672377929025091	0.782401873057739	0.515455379467388	0.503642377305377	0.710128368482983	0.334300936121433	0.651681829262851	0.758561269652863	0.451006965830335	0.453540463956661	0.768490787985177	0.706390136550471	0.332911157439993	0.76763444683071	0.452426667080706	0.756905893382662	0.562321124572114	0.637551184304159	0.367306686314051	0.700234189023749	0.379054721218148	0.318699038455161	0.697347668814121	0.454906822144305	0.764801223560866	0.786312498820951	0.444504893266276	0.459523531644026	0.771812510067318	0.347460024710327	0.718663741385019	0.744582980933853	0.551042770009548	0.392972079541169	0.692610649861753	0.326971839760337	0.703495316281244	0.434200638259439	0.791187023223109	0.767460501580803	0.430841717029801	0.691779457685805	0.392226944550129	0.734226890465645	0.71283082020176	0.385550461591085	0.20913701296256	0.282951968762647	0.7286150501905	0.45413048146935	0.560839997378607	0.77204878779066	0.39627903627245	0.653066587143004
"AqFl2-09"	0.638645977571	0.341585732195797	0.546721042395642	0.617699783779042	0.670433551104992	0.463968259787393	0.654985528277243	0.423350975948994	0	0.637125140695586	0.459883698145519	0.69697885622361	0.38799202128071	0.563274226911335	0.573824099941972	0.467339539984951	0.436142010954361	0.647096090004932	0.663626467696011	0.395406172620796	0.478340909409259	0.602394604457946	0.500370891606702	0.62487194067448	0.636121077335623	0.37037357762703	0.415621693199228	0.716565988864416	0.688441446852376	0.483963504597385	0.619665945131372	0.328307348233197	0.643304358783281	0.436597130728807	0.619480621977531	0.440009596474941	0.591308108494608	0.447002238732146	0.499253281174651	0.634514327632509	0.42188719938919	0.666819577281555	0.669398407270492	0.322646944474437	0.429044307016503	0.648747509892579	0.522717572316177	0.692216541193363	0.643489573786205	0.465919272684224	0.460694114522963	0.657892390344482	0.495535433368479	0.610183780095394	0.363448513299872	0.683105201616284	0.669047464979367	0.33729043023338	0.658343801751576	0.316795773243344	0.628486801468539	0.679401104006194	0.475625990287292	0.533593051089391	0.550866746596991	0.610549578798182	0.445839354128864	0.377449909994159	0.652455422429023	0.52075652422416	0.621540684569048
"AqFl2-10"	0.332274998160617	0.631963861467822	0.816112530401074	0.634464689875878	0.591396468424661	0.765059308722423	0.353990008291875	0.754723458831059	0.637125140695586	0	0.752239933961376	0.649450905649937	0.719746017727494	0.480404983013366	0.674876081123988	0.781057949517479	0.767889185785765	0.610737875862392	0.357220761040032	0.524636780630148	0.685313759994176	0.454309379887008	0.758765267849742	0.625740156108263	0.336384251333159	0.664112154659559	0.716957234187369	0.651658814717255	0.614368804979123	0.772409988679681	0.371866194425783	0.619754232704654	0.29031410048331	0.617598950381991	0.64507827435602	0.678933514344475	0.389116903777578	0.727450241406103	0.73734282451293	0.570859850545498	0.706427008037972	0.538655008554021	0.373288914069965	0.580341843671353	0.721192192932982	0.322968113892551	0.735242315219328	0.595736264353402	0.373672277855419	0.585238685188891	0.75681330109651	0.624295850345804	0.759042171522265	0.525451228738356	0.639643041111088	0.351436575850627	0.336663211149357	0.610601111764244	0.619905317722792	0.631113605922188	0.392089360732401	0.611213212355473	0.727328535413372	0.802400453228258	0.798476800303209	0.327863598689564	0.624932186073437	0.546689108664928	0.310142301419681	0.772298837042669	0.607043378475429
"AqFl2-11"	0.745316897618946	0.450166463815261	0.347379706922587	0.60766769475777	0.676566410800012	0.324970884978068	0.783712806183239	0.335756299413957	0.459883698145519	0.752239933961376	0	0.69883881483324	0.369414822680989	0.690373746695192	0.501710805770167	0.21357362940953	0.229259030883539	0.68682404140247	0.779927967096507	0.584399853965337	0.555803816339281	0.736733011110681	0.221385336155802	0.6097480088265	0.756151080630779	0.471415575309891	0.396792523370192	0.740950922552903	0.720727306488521	0.221095549391649	0.76503559225135	0.49163593992917	0.754377637916469	0.551598655139625	0.594226152905018	0.342648295038168	0.718101022519626	0.469824894827092	0.265514491360926	0.700643933824899	0.379466865783806	0.762452165548741	0.767986765648229	0.518515192983538	0.520572706343508	0.76945724321419	0.406987940509329	0.737539354773568	0.765431264787205	0.457802728986637	0.23250687981281	0.632518649148871	0.214289229048416	0.702286920552814	0.407834155748877	0.788769616325152	0.779861106953693	0.447846073741536	0.638999766314116	0.436092059881407	0.742458291425309	0.68772125488937	0.305690871076625	0.254030603879718	0.337203210622342	0.751100536699482	0.527839269730113	0.55542418292797	0.769486713028458	0.413671112088576	0.634582184812614
"AqFl2-12"	0.637990796258342	0.677395462809944	0.763662849829174	0.499923160987563	0.427825420408804	0.712312364800904	0.689598516536197	0.728755372922265	0.69697885622361	0.649450905649937	0.69883881483324	0	0.701884492398445	0.648169411729969	0.505572882281399	0.734237800834652	0.728293231230728	0.447311692232748	0.634918722834271	0.622058478644725	0.69703624065649	0.674342508094804	0.669013967284046	0.415146374029071	0.673024680194964	0.687590843050598	0.6752346079318	0.47394170264214	0.466430861496022	0.697135091089707	0.649139142079887	0.653194317812104	0.665514327825348	0.706246978583801	0.514219892728994	0.656271224288261	0.619430464443923	0.71694664280103	0.654898033230591	0.457429127695926	0.627754799966805	0.497589166982979	0.676071299497199	0.66834546900533	0.717432240166236	0.648256618465817	0.654336212890884	0.451655019467595	0.662760308738171	0.606975926562491	0.696612068024364	0.492952006562005	0.672106965158071	0.531640658689507	0.668304690581775	0.636855362262753	0.666479364486791	0.670642996310289	0.472227570980065	0.694068495794158	0.636005886080326	0.423892592146841	0.646785380717883	0.735504583692719	0.738573386003095	0.684427094999357	0.668848252407127	0.629704540473438	0.647889266556976	0.720649909693686	0.449312522796336
"AqFl2-13"	0.709347979160457	0.399293272111107	0.509100782229096	0.621352547922944	0.704975998149732	0.443458881522161	0.745399119018159	0.372638273618201	0.38799202128071	0.719746017727494	0.369414822680989	0.701884492398445	0	0.640524798930705	0.581932696677859	0.374793804376221	0.484403524867946	0.693112285162712	0.749244039391453	0.478800439637055	0.386586802879358	0.655978629353794	0.399099856600164	0.614481379935326	0.721599813399317	0.255582318643363	0.496383635638047	0.734407332620132	0.712309905167432	0.360883568249305	0.73212455936686	0.359665333021578	0.722088470103372	0.442994306177613	0.620282146120422	0.461996236410046	0.676868237167255	0.283263683552952	0.397641373289428	0.665125911662613	0.351806353825787	0.723095914652137	0.7378928331837	0.406403688856764	0.317058861978751	0.740010952421875	0.50223736763899	0.733094709493758	0.731858526180821	0.496719201684697	0.460650356230524	0.677083103346252	0.393008185704751	0.667231639036024	0.354516013737673	0.759329238195607	0.75552027629275	0.41634384107017	0.691256604734178	0.4055377092507	0.702291016098541	0.678240354650798	0.402785058801038	0.415849047106793	0.349944013000233	0.714796191674699	0.419760574253767	0.499826991881585	0.737441384478494	0.479504490434854	0.626093584118807
"AqFl2-14"	0.423052527080703	0.579230908599777	0.759864895613525	0.624407458599375	0.580763086270832	0.720879906118644	0.394173736929662	0.679671962155345	0.563274226911335	0.480404983013366	0.690373746695192	0.648169411729969	0.640524798930705	0	0.643208734682557	0.740471469109591	0.72838501983008	0.604993203665022	0.444475063160304	0.443205487970113	0.533565260257681	0.35506327640953	0.72296186108337	0.629781017165933	0.4385653380774	0.572601612409179	0.654490223757224	0.621909861531733	0.635027548514222	0.720299221649376	0.42856257874694	0.546134334795359	0.452321958244055	0.522801053516071	0.64788761737849	0.662343981131444	0.416573454605176	0.623534478002255	0.669012444705553	0.62981064357048	0.62260482014358	0.557278282946489	0.438415138383416	0.510461317778388	0.655433211017792	0.488108579832957	0.659389094892531	0.602462868653871	0.417761251006447	0.475792674594001	0.704671704692254	0.615757428967724	0.708802249881597	0.564839050917791	0.53223214346972	0.478077863469994	0.434802771519474	0.562204163445831	0.621098722529357	0.522196566995466	0.373854116746672	0.639211336154709	0.674857079525713	0.728652017848936	0.726870282259065	0.443115471478304	0.465567864810342	0.444027197996946	0.439980805897551	0.710806234103921	0.595056096813499
"AqFl2-15"	0.679635582229447	0.574362876310162	0.559083885544512	0.449573280984004	0.518891746910993	0.608269084128681	0.706919840533758	0.553689364844943	0.573824099941972	0.674876081123988	0.501710805770167	0.505572882281399	0.581932696677859	0.643208734682557	0	0.557363520153921	0.526996258396519	0.523583287487696	0.701340927228569	0.549818568167839	0.627951178132787	0.711326043392992	0.450067607810378	0.432555275856088	0.700696646341245	0.563920836427858	0.513819981329916	0.556236676153636	0.52581416029301	0.524050108952637	0.667628319376087	0.580615694968323	0.686288947443119	0.654456883270437	0.456855668788061	0.561257247800998	0.636635109311911	0.61204210652113	0.500950383285997	0.584291498988014	0.495857219727252	0.653128278112866	0.718778796524837	0.561201364837465	0.60582662184881	0.683128209682928	0.528730301428839	0.59123488489732	0.677951113697771	0.51899840843736	0.522886485485637	0.494650363647959	0.477075987194032	0.565231988358176	0.559566406937966	0.713303197663536	0.715643296858384	0.572891917896747	0.535123215987065	0.566521120967852	0.673335351924502	0.467669419165078	0.479455388652272	0.551566265429746	0.579334607304102	0.690585565880767	0.582531986713	0.539793743382726	0.700845794588598	0.562097385866265	0.457687752885633
"AqFl2-16"	0.778327692658727	0.493153050484131	0.396094039621152	0.658010926886036	0.714789325395444	0.358395766497381	0.817409675581669	0.400418215712214	0.467339539984951	0.781057949517479	0.21357362940953	0.734237800834652	0.374793804376221	0.740471469109591	0.557363520153921	0	0.236468592857049	0.728042278393706	0.8081955502458	0.619618243453649	0.545163196017519	0.74037626002196	0.235557271624729	0.654084807174853	0.789875259721041	0.478117755382202	0.411269927555565	0.747420177965588	0.75660002479232	0.265755534781587	0.795224830883683	0.533984074566683	0.789741079993413	0.551118316899487	0.640751295836658	0.417036914900427	0.752582957810779	0.428841143451516	0.346284650070651	0.739040796519632	0.411263370809823	0.790869543016866	0.799550019897145	0.558364298627313	0.510221767899091	0.798945432829128	0.468500308634212	0.773924779338973	0.794419707772912	0.519120432457569	0.245542267258631	0.673814642911302	0.262503360477401	0.734688691823674	0.46910898081701	0.816324653560867	0.817285735950922	0.510531650251703	0.69695229958694	0.506842896228625	0.777596772159098	0.725036872368951	0.350372666720739	0.275770495196815	0.301557512690795	0.781616928148146	0.593884110579977	0.606013415244466	0.799762651210255	0.455489981230876	0.67578775224183
"AqFl2-17"	0.769494764150462	0.508903354936864	0.345230857969069	0.657285720204642	0.707999623733696	0.286247779106457	0.802793761539491	0.419489739725388	0.436142010954361	0.767889185785765	0.229259030883539	0.728293231230728	0.484403524867946	0.72838501983008	0.526996258396519	0.236468592857049	0	0.713704034879887	0.794381700093148	0.611126565126807	0.61224879884939	0.760987503566579	0.29956413218808	0.653659003604566	0.77316890491502	0.560980001784983	0.393810575329956	0.768979638860973	0.726203150911203	0.313749742374438	0.767926901619719	0.544450925750675	0.773682887690118	0.534334733816153	0.607472776892466	0.41293864504906	0.738273019358896	0.535207860533803	0.377981936357374	0.726887366187558	0.435341577873948	0.778079309380264	0.790852671435388	0.554014256959371	0.589846171600002	0.773542805739807	0.46665969932121	0.75941998942644	0.78040999873409	0.527549913169483	0.162558619884404	0.672123930514767	0.320096035121967	0.709206479913927	0.481273728762909	0.802432012401088	0.796217579187041	0.499094773142542	0.676449242856211	0.48514787753846	0.768309610243085	0.719987966909166	0.389874121588575	0.342981775829095	0.446765987303076	0.756867587852526	0.594139341101294	0.567077812010144	0.785037513033586	0.414643912226348	0.67423983439342
"AqFl2-18"	0.629289724312111	0.658391346821829	0.745981640093663	0.497993266781976	0.407469683043335	0.709900112482178	0.656998110400057	0.672377929025091	0.647096090004932	0.610737875862392	0.68682404140247	0.447311692232748	0.693112285162712	0.604993203665022	0.523583287487696	0.728042278393706	0.713704034879887	0	0.588600829131803	0.620386172176875	0.68482280863075	0.654925139738703	0.697523736085307	0.420171781380375	0.647974514502033	0.666325589084558	0.664403419101656	0.453678058017177	0.469924447942988	0.719557164210766	0.629525190698521	0.641094349729104	0.609963355216599	0.683805283109472	0.541610670648728	0.631986021831667	0.565456635476331	0.704971163344051	0.690680109829242	0.441263424883778	0.642342225364128	0.499399055897444	0.660424070643998	0.651700313463173	0.713132651670307	0.620016472515857	0.641368546830518	0.455314317352911	0.583831041671105	0.59385970169706	0.69365265687681	0.456654676355527	0.699458395387522	0.454278602426597	0.6330897472116	0.606890767552887	0.619718008533061	0.599126067953328	0.415087709383451	0.606438615404181	0.615075741224615	0.434000341899572	0.656533564763332	0.7249239367717	0.727271823076569	0.627725531035984	0.627014563170233	0.607682363053896	0.603367558822973	0.727807591194609	0.464741358919348
"AqFl2-19"	0.397058767442781	0.692534371831719	0.841504551700248	0.692758758643523	0.599691468692709	0.797015281878658	0.355498822901391	0.782401873057739	0.663626467696011	0.357220761040032	0.779927967096507	0.634918722834271	0.749244039391453	0.444475063160304	0.701340927228569	0.8081955502458	0.794381700093148	0.588600829131803	0	0.562593228893443	0.679450790103367	0.440851134036036	0.798367398716639	0.655163268812421	0.343555539729686	0.694888069027383	0.728296336764207	0.626392450517362	0.637718385913465	0.799371371115246	0.390445138600601	0.634085750794624	0.309452830260864	0.647675442935264	0.661946895566033	0.710591641283922	0.420915762860194	0.75668737708141	0.76552943279296	0.574366274782156	0.724610880720748	0.517414959164057	0.384793152491525	0.611354570377336	0.750024878267994	0.344954972188416	0.752082183012134	0.614690575270737	0.400055433026757	0.621384221164014	0.780821256217193	0.598853781999773	0.786632898814193	0.541824730437433	0.66892695937071	0.349532199080668	0.36104815913303	0.652328027436784	0.629949479809168	0.663605666211468	0.387152630580598	0.591121226203244	0.754538828005388	0.828953612832292	0.828493941299821	0.384855132142159	0.649718864772533	0.562944830531959	0.317222548907361	0.799082145011343	0.631640993624794
"AqFl2-20"	0.494644660232032	0.434188333205393	0.645709109514747	0.58099258723392	0.62459450546396	0.620028866266272	0.531277883138224	0.515455379467388	0.395406172620796	0.524636780630148	0.584399853965337	0.622058478644725	0.478800439637055	0.443205487970113	0.549818568167839	0.619618243453649	0.611126565126807	0.620386172176875	0.562593228893443	0	0.467720797993256	0.452803791710362	0.562108153084881	0.56364032845407	0.509756088332493	0.403443505428054	0.537272462051466	0.675631025402388	0.638612102775702	0.560000178862748	0.525424577187009	0.355011385744205	0.520935847204808	0.435018353151634	0.576922603976146	0.530322529497082	0.46005590592517	0.496474573154195	0.538925094506933	0.578466233851213	0.44743181088971	0.57367108044133	0.562504640609111	0.306691942903163	0.460029751242669	0.54767547994463	0.555303378098608	0.639620053535498	0.535165557275373	0.414471535549506	0.59082029363057	0.620448356310263	0.552287606437089	0.562421717844642	0.421247682523544	0.561902223202116	0.551418411231557	0.422973664298222	0.630451064592845	0.408711779241989	0.498429021329435	0.601923976663121	0.527921108464354	0.616446562214954	0.61024276574232	0.520113966164449	0.382919546165261	0.365380126015958	0.534642474624004	0.591586538813726	0.543159918934417
"AqFl2-21"	0.625541447002346	0.463769234913872	0.651068913338382	0.641891223530779	0.691976342809971	0.595018594138991	0.678169842746203	0.503642377305377	0.478340909409259	0.685313759994176	0.555803816339281	0.69703624065649	0.386586802879358	0.533565260257681	0.627951178132787	0.545163196017519	0.61224879884939	0.68482280863075	0.679450790103367	0.467720797993256	0	0.548886061315407	0.560137050469812	0.62918979984896	0.653483834332416	0.307875057971172	0.558887225406671	0.671616358428982	0.730073590867044	0.520612274733943	0.668112954895848	0.432868226853858	0.689401160118383	0.47813219028718	0.692213812074237	0.549346285651244	0.638355586911677	0.447502281110553	0.508944103310392	0.681548846768345	0.50458616950373	0.696129789401294	0.67436355713626	0.398486175628674	0.411269205571786	0.702345679478266	0.552547833209629	0.685788028837792	0.686101863637823	0.488601126326635	0.570716711717188	0.684242485219026	0.524104736215866	0.664596433752663	0.40124210036872	0.700643880592316	0.683918275208656	0.480079978640178	0.697983091778792	0.49147184220536	0.633826682280412	0.690274575691738	0.492133070219327	0.580933393886464	0.507524281404626	0.67559860595279	0.447373864879809	0.46227289865595	0.658013724075765	0.639032679989659	0.599799531722811
"AqFl2-22"	0.395718097781219	0.611748840212256	0.793780132472678	0.676333829078552	0.661651462351475	0.755072283265277	0.38923798008279	0.710128368482983	0.602394604457946	0.454309379887008	0.736733011110681	0.674342508094804	0.655978629353794	0.35506327640953	0.711326043392992	0.74037626002196	0.760987503566579	0.654925139738703	0.440851134036036	0.452803791710362	0.548886061315407	0	0.764179972069737	0.675558448345056	0.39823133538675	0.58395121198112	0.699856275330549	0.647955337417893	0.679051762124244	0.754694046138817	0.426658449264824	0.554097359201522	0.446340050026615	0.519905896058625	0.69633589377054	0.686761885569243	0.3424122930518	0.624231133586933	0.712824622806931	0.647075737226104	0.680436288903553	0.592807434843488	0.441125789604059	0.541915677643634	0.642953284741975	0.454996408219306	0.708651504726001	0.658603263452641	0.458221395088742	0.536439684250979	0.728393170918129	0.676778693771235	0.744216238887316	0.626722222475547	0.56534203980887	0.445083948437535	0.430576716045463	0.570743276796942	0.663477535233084	0.574858464216692	0.395818710883082	0.671179360731911	0.715970182619397	0.759065110926506	0.727668716586675	0.416539059076948	0.541154487017802	0.468571026754135	0.417512878528507	0.731371687410297	0.659087667841071
"AqFl2-23"	0.766873627729938	0.463928559434419	0.302575064274345	0.569164214579448	0.684830409457898	0.422315351053781	0.80365084000519	0.334300936121433	0.500370891606702	0.758765267849742	0.221385336155802	0.669013967284046	0.399099856600164	0.72296186108337	0.450067607810378	0.235557271624729	0.29956413218808	0.697523736085307	0.798367398716639	0.562108153084881	0.560137050469812	0.764179972069737	0	0.575023534412761	0.779263163126476	0.491513864307047	0.395875663563518	0.749282081937682	0.698401701301512	0.168937742527906	0.771889515656511	0.453610891767452	0.779466193121224	0.600916694056889	0.557206812574481	0.388890458965106	0.725440674772425	0.450854354245476	0.261449317840497	0.68112009158168	0.311670265088795	0.76174391266162	0.786676687572643	0.506936345155202	0.525127211782959	0.789500326184405	0.398898265849932	0.714595429024197	0.772224251082823	0.478218725935501	0.306284387360349	0.628814445865104	0.165000756833601	0.700587106274057	0.45641199033163	0.799589761311825	0.806975199039634	0.510645480464576	0.661797655929345	0.509142131287687	0.765676806129553	0.663434482493513	0.267961177686242	0.198479472382756	0.334488988573687	0.771582301907876	0.535814551005035	0.591546074781132	0.776931391635957	0.381894593205879	0.603207811559324
"AqFl2-24"	0.649449329378825	0.604657441650747	0.690297098611584	0.407010124787336	0.39748765229277	0.645903067082087	0.687621191243178	0.651681829262851	0.62487194067448	0.625740156108263	0.6097480088265	0.415146374029071	0.614481379935326	0.629781017165933	0.432555275856088	0.654084807174853	0.653659003604566	0.420171781380375	0.655163268812421	0.56364032845407	0.62918979984896	0.675558448345056	0.575023534412761	0	0.667355138268784	0.60528658386749	0.638114264293657	0.46515583101431	0.391760402753655	0.579006525729612	0.652007786842331	0.57626337326432	0.647913259423057	0.659814564254815	0.42811243462176	0.586544520090584	0.603617044172669	0.633517062540824	0.574048352552778	0.458932553947787	0.543318759079545	0.531838152363002	0.68782027521271	0.598880873491395	0.647581783292869	0.664199613339234	0.59992627392615	0.460442278248224	0.656656620126357	0.53640801497958	0.615580839378762	0.409962116604157	0.578552128550895	0.468542024253478	0.589513735713055	0.671223437378876	0.683198510544726	0.602917586391354	0.402402634617371	0.630898925307482	0.63856663635617	0.414413493372336	0.553597385519282	0.653222838460097	0.660907031059718	0.672864996532738	0.60440774101263	0.587768953020663	0.661207434571338	0.658642783542626	0.379608665724862
"AqFl2-25"	0.316585942163027	0.661525615275032	0.824537049909958	0.67265836971287	0.618909211889829	0.775493201733142	0.279537166230915	0.758561269652863	0.636121077335623	0.336384251333159	0.756151080630779	0.673024680194964	0.721599813399317	0.4385653380774	0.700696646341245	0.789875259721041	0.77316890491502	0.647974514502033	0.343555539729686	0.509756088332493	0.653483834332416	0.39823133538675	0.779263163126476	0.667355138268784	0	0.665642384805721	0.725968856950059	0.642888950783004	0.645189493246628	0.777070211715483	0.301221696860177	0.607802566108158	0.312755363311299	0.612212282010417	0.664500017374605	0.684238539275624	0.385885601728356	0.732626828982166	0.744644875747892	0.591145227336237	0.708464602789128	0.549435245970577	0.391249595779538	0.575372442756334	0.722827775503025	0.336599460317587	0.739287026555025	0.622905184118859	0.376226037135583	0.591619239198868	0.761652985832712	0.641232167809957	0.766610255984498	0.567328019086339	0.633228199637995	0.352114384490925	0.325892818081437	0.604505241652508	0.647412874035798	0.629684361056268	0.383408082101616	0.648345482000096	0.733086382551471	0.810167797001228	0.809641077341318	0.307624628046239	0.62469944355859	0.545648593413388	0.338439133217079	0.786524038695223	0.633087298766903
"AqFl2-26"	0.646065498960533	0.33793187843225	0.599808476685271	0.584886085226199	0.68043729253843	0.535486731938653	0.691002006672936	0.451006965830335	0.37037357762703	0.664112154659559	0.471415575309891	0.687590843050598	0.255582318643363	0.572601612409179	0.563920836427858	0.478117755382202	0.560980001784983	0.666325589084558	0.694888069027383	0.403443505428054	0.307875057971172	0.58395121198112	0.491513864307047	0.60528658386749	0.665642384805721	0	0.514455844440438	0.694834554218252	0.702310248482545	0.468093524906471	0.675351463805291	0.313569742061298	0.662028091978433	0.41278366998559	0.620697234060922	0.513878380055244	0.612968475069015	0.333548817939363	0.459500534946637	0.628021170103325	0.440274217257346	0.68290941991396	0.678892749354578	0.31293113327505	0.290469782258707	0.689840394338735	0.541172113928809	0.713537165049089	0.676580121164749	0.454165329793949	0.525437268319278	0.655687519804015	0.453118922638587	0.64441555957728	0.317229526908744	0.70756180099836	0.698042458643596	0.396904897500897	0.662518427161376	0.378644104533106	0.634587794729853	0.657248065201955	0.430471879275812	0.531352624158825	0.465327571043351	0.656907501148176	0.365546672132935	0.414661373359095	0.682199896742066	0.565216271432094	0.592142819459479
"AqFl2-27"	0.717652747528546	0.466059323807841	0.476611201016634	0.626472706805311	0.658890249537013	0.441269806034016	0.734135649570103	0.453540463956661	0.415621693199228	0.716957234187369	0.396792523370192	0.6752346079318	0.496383635638047	0.654490223757224	0.513819981329916	0.411269927555565	0.393810575329956	0.664403419101656	0.728296336764207	0.537272462051466	0.558887225406671	0.699856275330549	0.395875663563518	0.638114264293657	0.725968856950059	0.514455844440438	0	0.714387954855494	0.717581743574842	0.400142626324302	0.720976480463274	0.480994930710401	0.712413970130477	0.525530041274087	0.603841879091313	0.436935488805261	0.672989607653295	0.574559553923495	0.463469149854615	0.685296998891471	0.488547205485006	0.701413732301711	0.733902104763219	0.490283062719001	0.513284124489518	0.729139740993724	0.455212523267003	0.710503362985851	0.718456444372194	0.472362555294522	0.411488548087826	0.622193904462393	0.436948349176735	0.667682279106538	0.433229608961178	0.73875369334203	0.752735907251013	0.463028392653968	0.623066200024339	0.473639188537009	0.708921344375908	0.655425238894374	0.445869101435757	0.486155989322649	0.537072495631371	0.7082031391026	0.529506825967113	0.490195458488631	0.724218305705759	0.452047236146054	0.642888263908824
"AqFl2-28"	0.628500092839609	0.711863473413549	0.807120281764171	0.50380186450758	0.439076884598188	0.761538323789748	0.665797476154293	0.768490787985177	0.716565988864416	0.651658814717255	0.740950922552903	0.47394170264214	0.734407332620132	0.621909861531733	0.556236676153636	0.747420177965588	0.768979638860973	0.453678058017177	0.626392450517362	0.675631025402388	0.671616358428982	0.647955337417893	0.749282081937682	0.46515583101431	0.642888950783004	0.694834554218252	0.714387954855494	0	0.487232149626906	0.767018771566033	0.648199234533178	0.694613097971832	0.662890961263217	0.692175011140103	0.592810559472182	0.701929667361293	0.630761275339229	0.724515520419167	0.731333654446993	0.54747481460935	0.699180673099291	0.546382278783449	0.676976098941735	0.716075194769981	0.742893019640532	0.665557989123831	0.716551814885335	0.487993142371779	0.642500137754082	0.623220846183116	0.743528608469019	0.507647055477286	0.749966929532541	0.529029930611838	0.689365880163458	0.65028997659582	0.63252631026615	0.673315604790708	0.439742696133265	0.682630298543686	0.634011819646599	0.444915513485926	0.711874222656967	0.776106027238581	0.750453246746167	0.658305189708893	0.681717989912119	0.67326722779719	0.668441137911736	0.789258362058363	0.504908021601298
"AqFl2-29"	0.635381518792106	0.700106092912431	0.722138287463441	0.46943400918461	0.409915748321338	0.739230700951174	0.637770762374537	0.706390136550471	0.688441446852376	0.614368804979123	0.720727306488521	0.466430861496022	0.712309905167432	0.635027548514222	0.52581416029301	0.75660002479232	0.726203150911203	0.469924447942988	0.637718385913465	0.638612102775702	0.730073590867044	0.679051762124244	0.698401701301512	0.391760402753655	0.645189493246628	0.702310248482545	0.717581743574842	0.487232149626906	0	0.716988320976312	0.640175067935208	0.667780349586763	0.63112115791403	0.713693246715521	0.461200238261203	0.662479228385861	0.603315894380027	0.69777996437244	0.671420163449597	0.469361299478467	0.655373456874984	0.490409644619993	0.65645632617423	0.68369871019453	0.741387442810335	0.614978951135175	0.673533250251869	0.458164093759791	0.614014659328677	0.616790816090627	0.722448086188206	0.479296423175093	0.694629528851823	0.444068549380583	0.682621566895672	0.645585891305307	0.640775372187231	0.656787552145551	0.425529175036077	0.666068873702301	0.631227927923105	0.392434684524019	0.668518425148544	0.72785307135262	0.730183150526074	0.620891075618267	0.63547186156938	0.622323750066284	0.644746661558488	0.692436903755731	0.442853336332161
"AqFl2-30"	0.767342804455606	0.441410589594827	0.301702906589127	0.577395419550149	0.703384851933826	0.385953900592935	0.80543545971153	0.332911157439993	0.483963504597385	0.772409988679681	0.221095549391649	0.697135091089707	0.360883568249305	0.720299221649376	0.524050108952637	0.265755534781587	0.313749742374438	0.719557164210766	0.799371371115246	0.560000178862748	0.520612274733943	0.754694046138817	0.168937742527906	0.579006525729612	0.777070211715483	0.468093524906471	0.400142626324302	0.767018771566033	0.716988320976312	0	0.782977519336522	0.456701164385355	0.774208703984719	0.577314556444147	0.597038962089886	0.386598458717066	0.742879874637956	0.422074907943764	0.261205396349435	0.700561549924487	0.317144934643767	0.776225481956657	0.790568632209365	0.486876082317048	0.491882063732093	0.787613984761213	0.361539419021669	0.740326642598606	0.786019022784582	0.50283440413723	0.307075758893607	0.658381395099748	0.195986024299566	0.721712110826228	0.418404006285673	0.807576283743615	0.808022844687597	0.474411777651141	0.683119663562362	0.487305122314288	0.766465462456178	0.689991537111816	0.250928974357745	0.198765485891575	0.334092150150637	0.772276653637166	0.508800638628047	0.577620195020643	0.789868530363904	0.296497591383912	0.6277580959189
"AqFl2-31"	0.372770640882578	0.672734789327596	0.817738035522953	0.658333760966297	0.625201976737805	0.783582682594684	0.309396044813544	0.76763444683071	0.619665945131372	0.371866194425783	0.76503559225135	0.649139142079887	0.73212455936686	0.42856257874694	0.667628319376087	0.795224830883683	0.767926901619719	0.629525190698521	0.390445138600601	0.525424577187009	0.668112954895848	0.426658449264824	0.771889515656511	0.652007786842331	0.301221696860177	0.675351463805291	0.720976480463274	0.648199234533178	0.640175067935208	0.782977519336522	0	0.620561338841476	0.329845299108744	0.62879105333518	0.646632064592515	0.707484360381102	0.388572649272984	0.740072916506094	0.753924291747525	0.591804401309744	0.712091200065327	0.536773048779108	0.406264052320643	0.588641587185586	0.733503034875825	0.370378303069087	0.745107376456787	0.608675859056763	0.366305170338235	0.587268809077267	0.769819153744628	0.633060566101118	0.772119439158333	0.552604586569386	0.649241883760952	0.386830865125516	0.365612054060051	0.622088760099445	0.638384406816278	0.64178251772867	0.395805484901201	0.637224899564133	0.732922035048176	0.817318302543382	0.815701278888299	0.369042377448352	0.638298078805389	0.528400734179834	0.376659940710584	0.780578618614332	0.611483079918974
"AqFl2-32"	0.592892614799637	0.34864444489192	0.578005285961149	0.549532179538935	0.653965321457682	0.541456590938571	0.648003031189883	0.452426667080706	0.328307348233197	0.619754232704654	0.49163593992917	0.653194317812104	0.359665333021578	0.546134334795359	0.580615694968323	0.533984074566683	0.544450925750675	0.641094349729104	0.634085750794624	0.355011385744205	0.432868226853858	0.554097359201522	0.453610891767452	0.57626337326432	0.607802566108158	0.313569742061298	0.480994930710401	0.694613097971832	0.667780349586763	0.456701164385355	0.620561338841476	0	0.620139355602918	0.42016153523309	0.574925349254886	0.430904979643627	0.534809840118896	0.381287666320839	0.453869039583675	0.600007641132633	0.397352838273114	0.637499282856809	0.637021062879088	0.307304363395756	0.41355473795862	0.627304457417352	0.550791743190785	0.686328335693296	0.627232697975127	0.434793050886541	0.532877971912426	0.620122377785191	0.473408410273956	0.603315217524052	0.348255346849835	0.647088340571815	0.635569609156947	0.372320144952141	0.625838095430885	0.367647854987671	0.562001172327976	0.629243718033521	0.452010020808999	0.524938527458282	0.534168343511957	0.593663338230412	0.378639828529429	0.408397972505864	0.620824220270841	0.548110632495751	0.552828711772275
"AqFl2-33"	0.342900260217815	0.671562541027621	0.811587792569067	0.642244793388814	0.600209182495711	0.765604466265328	0.308659957439899	0.756905893382662	0.643304358783281	0.29031410048331	0.754377637916469	0.665514327825348	0.722088470103372	0.452321958244055	0.686288947443119	0.789741079993413	0.773682887690118	0.609963355216599	0.309452830260864	0.520935847204808	0.689401160118383	0.446340050026615	0.779466193121224	0.647913259423057	0.312755363311299	0.662028091978433	0.712413970130477	0.662890961263217	0.63112115791403	0.774208703984719	0.329845299108744	0.620139355602918	0	0.605309572437232	0.653559546681722	0.683508981339642	0.394150638392436	0.735652055018043	0.739248832696548	0.579254562356809	0.709213711077502	0.514564496951508	0.361513969997444	0.585726960999943	0.714666062935899	0.294744532919383	0.730911781449088	0.61250214083813	0.351928585334057	0.592583843395819	0.760229623953529	0.624138405358862	0.765122345461904	0.531143169836946	0.637052400354001	0.33621693750722	0.329006163550891	0.610860351746942	0.634843961671156	0.638314840771017	0.346008567943962	0.602251108420201	0.734789622585684	0.806364882555229	0.804754531608751	0.330894367331698	0.623662148414799	0.528845954765191	0.330574774799601	0.766050409511853	0.609954359836816
"AqFl2-34"	0.594237043174827	0.447072198234444	0.649268293240228	0.647871621063255	0.671929501101084	0.479810856140107	0.625072476770807	0.562321124572114	0.436597130728807	0.617598950381991	0.551598655139625	0.706246978583801	0.442994306177613	0.522801053516071	0.654456883270437	0.551118316899487	0.534334733816153	0.683805283109472	0.647675442935264	0.435018353151634	0.47813219028718	0.519905896058625	0.600916694056889	0.659814564254815	0.612212282010417	0.41278366998559	0.525530041274087	0.692175011140103	0.713693246715521	0.577314556444147	0.62879105333518	0.42016153523309	0.605309572437232	0	0.66985677566153	0.528786382053036	0.567022846551264	0.44203894487539	0.530101599154402	0.673702594311886	0.504910425705347	0.662491086098237	0.638608262895942	0.452763589155553	0.397818441507703	0.642222142568944	0.620324617243186	0.747667515410505	0.62595848670116	0.442305200453084	0.493181311382272	0.679132949183545	0.572652286197871	0.651020338143829	0.408388993118018	0.653241903212306	0.646758323106636	0.391962682067938	0.679522614336125	0.410927295292058	0.598890121853441	0.700204407195719	0.555973747162007	0.633109501496819	0.595788449530809	0.604276491575048	0.399542386675682	0.445223405309916	0.63628749931231	0.64774305038949	0.642212816219956
"AqFl2-35"	0.647209813084479	0.629752158846336	0.640621431750328	0.477258272142078	0.519137006180866	0.66055016117036	0.679575405029745	0.637551184304159	0.619480621977531	0.64507827435602	0.594226152905018	0.514219892728994	0.620282146120422	0.64788761737849	0.456855668788061	0.640751295836658	0.607472776892466	0.541610670648728	0.661946895566033	0.576922603976146	0.692213812074237	0.69633589377054	0.557206812574481	0.42811243462176	0.664500017374605	0.620697234060922	0.603841879091313	0.592810559472182	0.461200238261203	0.597038962089886	0.646632064592515	0.574925349254886	0.653559546681722	0.66985677566153	0	0.551037663386287	0.611447922608986	0.632869880150505	0.562711868959684	0.496430961345528	0.534558491855119	0.524576722190702	0.671120139647474	0.590956909984664	0.668795897934979	0.641539153865141	0.565833172073009	0.528700919852511	0.648279289265183	0.587309965839707	0.600114948108045	0.493305856770063	0.561044958590731	0.479274497885751	0.603969847980131	0.676835020674686	0.674798969854506	0.564993684708928	0.483496946567484	0.618231232834616	0.655809215367321	0.462989748706602	0.536333845096884	0.639211438672088	0.663705070888798	0.6656299693021	0.610745516496678	0.572958571954287	0.671452999919956	0.597842715095375	0.47077352301034
"AqFl2-36"	0.685615836609678	0.482436238642563	0.496462973790465	0.58215407974484	0.638973814143328	0.44871989768948	0.721789734978938	0.367306686314051	0.440009596474941	0.678933514344475	0.342648295038168	0.656271224288261	0.461996236410046	0.662343981131444	0.561257247800998	0.417036914900427	0.41293864504906	0.631986021831667	0.710591641283922	0.530322529497082	0.549346285651244	0.686761885569243	0.388890458965106	0.586544520090584	0.684238539275624	0.513878380055244	0.436935488805261	0.701929667361293	0.662479228385861	0.386598458717066	0.707484360381102	0.430904979643627	0.683508981339642	0.528786382053036	0.551037663386287	0	0.649259926812495	0.485309683403598	0.402891710158556	0.654366629214322	0.441475853621258	0.69889258618666	0.702842012829463	0.486347081029216	0.527613954008349	0.69815214238396	0.451684876781776	0.682858120394392	0.688578941931757	0.451229787012869	0.411704643849545	0.608596917436876	0.412832799686771	0.64881359766387	0.44968168979458	0.718701109272912	0.711157050306731	0.414113250588322	0.629310078645573	0.458406420249549	0.693787567804286	0.648357897533315	0.380401302274039	0.452316361129443	0.48178856058314	0.680686776324381	0.549217723984968	0.51878871230058	0.697108683790995	0.49597117160495	0.559009009459062
"AqFl2-37"	0.374629396491845	0.609609364942114	0.769223720848642	0.600619551687204	0.595512443722966	0.735060238783092	0.371009195658511	0.700234189023749	0.591308108494608	0.389116903777578	0.718101022519626	0.619430464443923	0.676868237167255	0.416573454605176	0.636635109311911	0.752582957810779	0.738273019358896	0.565456635476331	0.420915762860194	0.46005590592517	0.638355586911677	0.3424122930518	0.725440674772425	0.603617044172669	0.385885601728356	0.612968475069015	0.672989607653295	0.630761275339229	0.603315894380027	0.742879874637956	0.388572649272984	0.534809840118896	0.394150638392436	0.567022846551264	0.611447922608986	0.649259926812495	0	0.656025483111583	0.704432462038017	0.550061272566444	0.662954394647035	0.531126902146605	0.439914420214025	0.5319785952575	0.679564587957571	0.386332884417032	0.692084693454602	0.598412798229144	0.329876525004255	0.548668810881877	0.7253375861883	0.622996144855773	0.736297809137412	0.547532339564265	0.609396780421462	0.427573811674654	0.403597123013394	0.582691715774092	0.60182980265997	0.571244226063357	0.377125043754132	0.607049802234614	0.706616476682372	0.750956693968036	0.750565934262163	0.386255016869741	0.530665937548369	0.482547037312342	0.375429427760549	0.716524554362117	0.584372753972401
"AqFl2-38"	0.717812714353472	0.39278607932215	0.496786590828407	0.593535569718389	0.720438873742251	0.522770413655303	0.734908839730821	0.379054721218148	0.447002238732146	0.727450241406103	0.469824894827092	0.71694664280103	0.283263683552952	0.623534478002255	0.61204210652113	0.428841143451516	0.535207860533803	0.704971163344051	0.75668737708141	0.496474573154195	0.447502281110553	0.624231133586933	0.450854354245476	0.633517062540824	0.732626828982166	0.333548817939363	0.574559553923495	0.724515520419167	0.69777996437244	0.422074907943764	0.740072916506094	0.381287666320839	0.735652055018043	0.44203894487539	0.632869880150505	0.485309683403598	0.656025483111583	0	0.452418277716401	0.679619222225818	0.35546797664364	0.739909137134388	0.745665545086761	0.400029484974224	0.388118589037529	0.749363621508789	0.466008030124151	0.720482071201089	0.715608359933039	0.521937395991831	0.523094721944973	0.700610646080478	0.444593155416323	0.690385936306161	0.460251553972274	0.766563500703746	0.739877139307171	0.453352481933532	0.676312437192831	0.333066940986405	0.681693149483513	0.701807497871353	0.436215325593241	0.401269727805276	0.326065043779887	0.697429833561132	0.376373116960845	0.520701861000782	0.745738291568542	0.468170723127204	0.629615632755005
"AqFl2-39"	0.730062097472822	0.463895481132684	0.381268974134326	0.558775294402571	0.67337937863002	0.445229592063085	0.76761785665345	0.318699038455161	0.499253281174651	0.73734282451293	0.265514491360926	0.654898033230591	0.397641373289428	0.669012444705553	0.500950383285997	0.346284650070651	0.377981936357374	0.690680109829242	0.76552943279296	0.538925094506933	0.508944103310392	0.712824622806931	0.261449317840497	0.574048352552778	0.744644875747892	0.459500534946637	0.463469149854615	0.731333654446993	0.671420163449597	0.261205396349435	0.753924291747525	0.453869039583675	0.739248832696548	0.530101599154402	0.562711868959684	0.402891710158556	0.704432462038017	0.452418277716401	0	0.662899465410513	0.396353575772857	0.743801113604333	0.755227052159631	0.478600543409522	0.474057847932092	0.750095350017134	0.36127340887681	0.710374353172077	0.75835466785666	0.476749983551535	0.314275312300638	0.605038010855904	0.157076483972356	0.680983236739714	0.381211489120274	0.774831201664858	0.768125926553697	0.433827998728737	0.649536061969813	0.482365400196536	0.717207255356632	0.642160273224553	0.236191191237809	0.294762239951983	0.340011367258212	0.730973137266243	0.482849519786729	0.566662341308154	0.754407626937881	0.43870197293054	0.586200474794063
"AqFl2-40"	0.596673842656326	0.632799445594222	0.755592049188771	0.5166810815911	0.482739321333405	0.716620531093946	0.613580200168498	0.697347668814121	0.634514327632509	0.570859850545498	0.700643933824899	0.457429127695926	0.665125911662613	0.62981064357048	0.584291498988014	0.739040796519632	0.726887366187558	0.441263424883778	0.574366274782156	0.578466233851213	0.681548846768345	0.647075737226104	0.68112009158168	0.458932553947787	0.591145227336237	0.628021170103325	0.685296998891471	0.54747481460935	0.469361299478467	0.700561549924487	0.591804401309744	0.600007641132633	0.579254562356809	0.673702594311886	0.496430961345528	0.654366629214322	0.550061272566444	0.679619222225818	0.662899465410513	0	0.617720830966937	0.442206474964539	0.637640444002842	0.598112520264794	0.679144616687281	0.574698384955214	0.660831610542292	0.439725692813235	0.565787110578908	0.588992156506186	0.705764360746574	0.502574707636991	0.678835642556778	0.434915125636959	0.629514000783069	0.582881092664414	0.591465889091376	0.593947114677019	0.450827425954156	0.615622135266688	0.61602062007293	0.451968348488142	0.652079106173448	0.741104705155324	0.736432305829046	0.605497307756026	0.628510014688463	0.586811306490051	0.596442269193623	0.726179203902551	0.47353571053951
"AqFl2-41"	0.671529586628369	0.401715537951752	0.460151044174656	0.530665821874879	0.627832901665008	0.450653106499674	0.738770583601537	0.454906822144305	0.42188719938919	0.706427008037972	0.379466865783806	0.627754799966805	0.351806353825787	0.62260482014358	0.495857219727252	0.411263370809823	0.435341577873948	0.642342225364128	0.724610880720748	0.44743181088971	0.50458616950373	0.680436288903553	0.311670265088795	0.543318759079545	0.708464602789128	0.440274217257346	0.488547205485006	0.699180673099291	0.655373456874984	0.317144934643767	0.712091200065327	0.397352838273114	0.709213711077502	0.504910425705347	0.534558491855119	0.441475853621258	0.662954394647035	0.35546797664364	0.396353575772857	0.617720830966937	0	0.697932039794419	0.737806246056557	0.425464496726523	0.468715433398181	0.717815351738503	0.402507613163177	0.654084716522102	0.704083648243275	0.466068248942989	0.43339447182474	0.593953234094187	0.348532784483694	0.609874977365136	0.421167040774481	0.735591092103332	0.725388107433979	0.451895408230109	0.632822564113516	0.429537438131689	0.684859970653823	0.622699998903623	0.351235302284836	0.387379457562382	0.465802739627187	0.71757810796376	0.460573009716129	0.486795244440754	0.709193163875914	0.437682951713478	0.544278589828614
"AqFl2-42"	0.526009735841216	0.682049609277698	0.82306954433638	0.591494367385068	0.501300537123865	0.7726469233633	0.571985683748831	0.764801223560866	0.666819577281555	0.538655008554021	0.762452165548741	0.497589166982979	0.723095914652137	0.557278282946489	0.653128278112866	0.790869543016866	0.778079309380264	0.499399055897444	0.517414959164057	0.57367108044133	0.696129789401294	0.592807434843488	0.76174391266162	0.531838152363002	0.549435245970577	0.68290941991396	0.701413732301711	0.546382278783449	0.490409644619993	0.776225481956657	0.536773048779108	0.637499282856809	0.514564496951508	0.662491086098237	0.524576722190702	0.69889258618666	0.531126902146605	0.739909137134388	0.743801113604333	0.442206474964539	0.697932039794419	0	0.543900817398229	0.641674572813622	0.73265943452421	0.533022428207416	0.739753403103313	0.475254977228919	0.537805862243696	0.619734223762406	0.761213888301496	0.534678272430882	0.761250630707679	0.405311933141451	0.662068037036142	0.527510470823879	0.538989065933666	0.635895335994539	0.48247999275517	0.662007780044288	0.524906848329208	0.480482540665768	0.72725631451398	0.80882103097024	0.809106377868359	0.573375961128729	0.650186249767148	0.584570597572158	0.553607864474531	0.774198496716682	0.509161626445893
"AqFl2-43"	0.366381282983202	0.681456224227455	0.839685362778982	0.682854682306691	0.621517141270942	0.788431197832574	0.372647129441882	0.786312498820951	0.669398407270492	0.373288914069965	0.767986765648229	0.676071299497199	0.7378928331837	0.438415138383416	0.718778796524837	0.799550019897145	0.790852671435388	0.660424070643998	0.384793152491525	0.562504640609111	0.67436355713626	0.441125789604059	0.786676687572643	0.68782027521271	0.391249595779538	0.678892749354578	0.733902104763219	0.676976098941735	0.65645632617423	0.790568632209365	0.406264052320643	0.637021062879088	0.361513969997444	0.638608262895942	0.671120139647474	0.702842012829463	0.439914420214025	0.745665545086761	0.755227052159631	0.637640444002842	0.737806246056557	0.543900817398229	0	0.624799732796368	0.73911388737053	0.344963056544214	0.770499379975917	0.641905366029412	0.408259390490664	0.618992220375274	0.771405593100971	0.654575545853626	0.777208110445366	0.581657925002208	0.654210630885459	0.353791989191275	0.367558432732221	0.643674701089297	0.671638880068067	0.670497854463364	0.413071751564674	0.640238687139483	0.741120447637449	0.821179112081506	0.817292023925279	0.398820094756113	0.636947868246454	0.567257924774245	0.362058672383263	0.790384541365059	0.645402002530412
"AqFl2-44"	0.591363723441138	0.345432873599112	0.586615587985519	0.591059185354494	0.661855381152963	0.563428986928825	0.601646900660866	0.444504893266276	0.322646944474437	0.580341843671353	0.518515192983538	0.66834546900533	0.406403688856764	0.510461317778388	0.561201364837465	0.558364298627313	0.554014256959371	0.651700313463173	0.611354570377336	0.306691942903163	0.398486175628674	0.541915677643634	0.506936345155202	0.598880873491395	0.575372442756334	0.31293113327505	0.490283062719001	0.716075194769981	0.68369871019453	0.486876082317048	0.588641587185586	0.307304363395756	0.585726960999943	0.452763589155553	0.590956909984664	0.486347081029216	0.5319785952575	0.400029484974224	0.478600543409522	0.598112520264794	0.425464496726523	0.641674572813622	0.624799732796368	0	0.414468575028514	0.605450775279827	0.459974353326319	0.664299365578967	0.587419701397127	0.482070573272282	0.536205939953708	0.657031351312182	0.473304858198741	0.602352004397121	0.372560090224768	0.642369262372208	0.613654551627534	0.357295154037261	0.659958291418137	0.304785230858012	0.579778826638436	0.637228967971811	0.450427989200758	0.553197073400589	0.575840202931704	0.558235497465625	0.340244595978836	0.369868634749158	0.594475763569306	0.52950943194605	0.568024579977704
"AqFl2-45"	0.707181297421435	0.403077543406396	0.549434974814711	0.631742684674354	0.717606347280875	0.482205969804444	0.737873549425295	0.459523531644026	0.429044307016503	0.721192192932982	0.520572706343508	0.717432240166236	0.317058861978751	0.655433211017792	0.60582662184881	0.510221767899091	0.589846171600002	0.713132651670307	0.750024878267994	0.460029751242669	0.411269205571786	0.642953284741975	0.525127211782959	0.647581783292869	0.722827775503025	0.290469782258707	0.513284124489518	0.742893019640532	0.741387442810335	0.491882063732093	0.733503034875825	0.41355473795862	0.714666062935899	0.397818441507703	0.668795897934979	0.527613954008349	0.679564587957571	0.388118589037529	0.474057847932092	0.679144616687281	0.468715433398181	0.73265943452421	0.73911388737053	0.414468575028514	0	0.740571331319835	0.559694530026664	0.749068410353901	0.733641477430199	0.529923868228458	0.536050516344591	0.696936772145851	0.47968922505225	0.673965958836236	0.387101871618361	0.757685889537296	0.756709314642308	0.427966964287605	0.70840308274201	0.448303214057518	0.711289854285607	0.697907912688635	0.457401719181884	0.552692320390808	0.487945236014242	0.718000163396143	0.446415965280836	0.496920894024108	0.73841545917379	0.585214836253273	0.631576905961502
"AqFl2-46"	0.351697786607588	0.689987515252005	0.818592127767094	0.653456196848101	0.600775179173943	0.786097954889589	0.357828941426489	0.771812510067318	0.648747509892579	0.322968113892551	0.76945724321419	0.648256618465817	0.740010952421875	0.488108579832957	0.683128209682928	0.798945432829128	0.773542805739807	0.620016472515857	0.344954972188416	0.54767547994463	0.702345679478266	0.454996408219306	0.789500326184405	0.664199613339234	0.336599460317587	0.689840394338735	0.729139740993724	0.665557989123831	0.614978951135175	0.787613984761213	0.370378303069087	0.627304457417352	0.294744532919383	0.642222142568944	0.641539153865141	0.69815214238396	0.386332884417032	0.749363621508789	0.750095350017134	0.574698384955214	0.717815351738503	0.533022428207416	0.344963056544214	0.605450775279827	0.740571331319835	0	0.74624376405862	0.626117958427276	0.35770437130511	0.616077210775608	0.770806619741171	0.62585932667928	0.778171479629311	0.516690012287727	0.662616488777603	0.31047522141997	0.318421559356203	0.633963905143698	0.638699612720895	0.659706183249737	0.391965882004911	0.626300811003859	0.749257058702807	0.816618247290661	0.813019531653399	0.346955178561884	0.645664960068735	0.536387349008801	0.333704166595583	0.766946051409129	0.631051071385529
"AqFl2-47"	0.734847221994254	0.525938422411788	0.396234711115656	0.551688389007468	0.666688136694303	0.522425242762744	0.743012460165076	0.347460024710327	0.522717572316177	0.735242315219328	0.406987940509329	0.654336212890884	0.50223736763899	0.659389094892531	0.528730301428839	0.468500308634212	0.46665969932121	0.641368546830518	0.752082183012134	0.555303378098608	0.552547833209629	0.708651504726001	0.398898265849932	0.59992627392615	0.739287026555025	0.541172113928809	0.455212523267003	0.716551814885335	0.673533250251869	0.361539419021669	0.745107376456787	0.550791743190785	0.730911781449088	0.620324617243186	0.565833172073009	0.451684876781776	0.692084693454602	0.466008030124151	0.36127340887681	0.660831610542292	0.402507613163177	0.739753403103313	0.770499379975917	0.459974353326319	0.559694530026664	0.74624376405862	0	0.627961702222451	0.711710941598217	0.562206242860753	0.428256919656842	0.630609205631333	0.324923692530471	0.679729323762552	0.49379200950002	0.775944746859646	0.731958814639603	0.494575923570109	0.647506545766152	0.420797295184095	0.713780318814453	0.655773738983534	0.324073132802166	0.332686578788238	0.403431900686115	0.696932379746211	0.501895957641711	0.565662399147613	0.740856685469269	0.348535082063271	0.604704825135635
"AqFl2-48"	0.607107464759935	0.704757884015944	0.76494801533491	0.4758148224318	0.445469032054171	0.752888429927714	0.613515431992506	0.718663741385019	0.692216541193363	0.595736264353402	0.737539354773568	0.451655019467595	0.733094709493758	0.602462868653871	0.59123488489732	0.773924779338973	0.75941998942644	0.455314317352911	0.614690575270737	0.639620053535498	0.685788028837792	0.658603263452641	0.714595429024197	0.460442278248224	0.622905184118859	0.713537165049089	0.710503362985851	0.487993142371779	0.458164093759791	0.740326642598606	0.608675859056763	0.686328335693296	0.61250214083813	0.747667515410505	0.528700919852511	0.682858120394392	0.598412798229144	0.720482071201089	0.710374353172077	0.439725692813235	0.654084716522102	0.475254977228919	0.641905366029412	0.664299365578967	0.749068410353901	0.626117958427276	0.627961702222451	0	0.602178982165716	0.623261066522782	0.737101473288431	0.488143971238161	0.715853691266321	0.438747303922411	0.698406595330243	0.610560339447384	0.581164371147427	0.649009943169485	0.423937770749453	0.659791769652188	0.613495033154381	0.459633913565424	0.673287003561278	0.743743053600921	0.746483840423512	0.632853239705981	0.672022528225051	0.649219708015002	0.620335975053775	0.733401172174848	0.483285487091826
"AqFl2-49"	0.395841546004816	0.674361564091495	0.808574215500956	0.628076535320336	0.595965404013605	0.784021112984159	0.344382377528195	0.744582980933853	0.643489573786205	0.373672277855419	0.765431264787205	0.662760308738171	0.731858526180821	0.417761251006447	0.677951113697771	0.794419707772912	0.78040999873409	0.583831041671105	0.400055433026757	0.535165557275373	0.686101863637823	0.458221395088742	0.772224251082823	0.656656620126357	0.376226037135583	0.676580121164749	0.718456444372194	0.642500137754082	0.614014659328677	0.786019022784582	0.366305170338235	0.627232697975127	0.351928585334057	0.62595848670116	0.648279289265183	0.688578941931757	0.329876525004255	0.715608359933039	0.75835466785666	0.565787110578908	0.704083648243275	0.537805862243696	0.408259390490664	0.587419701397127	0.733641477430199	0.35770437130511	0.711710941598217	0.602178982165716	0	0.584969761134084	0.769700609846724	0.608646913174506	0.780537875230214	0.545093985833923	0.65079358048803	0.38995951665059	0.33623500142054	0.623013407400943	0.626504926304091	0.615751087634946	0.39235673138488	0.62883159683297	0.749719427754367	0.793741584873091	0.793215467649558	0.348066034262111	0.598357579901884	0.541075756878934	0.385737010869169	0.76535507344113	0.607438871870259
"AqFl2-50"	0.580010774928212	0.454925018653482	0.61299331964956	0.534152321230927	0.559503991029689	0.519982265696864	0.607667445030499	0.551042770009548	0.465919272684224	0.585238685188891	0.457802728986637	0.606975926562491	0.496719201684697	0.475792674594001	0.51899840843736	0.519120432457569	0.527549913169483	0.59385970169706	0.621384221164014	0.414471535549506	0.488601126326635	0.536439684250979	0.478218725935501	0.53640801497958	0.591619239198868	0.454165329793949	0.472362555294522	0.623220846183116	0.616790816090627	0.50283440413723	0.587268809077267	0.434793050886541	0.592583843395819	0.442305200453084	0.587309965839707	0.451229787012869	0.548668810881877	0.521937395991831	0.476749983551535	0.588992156506186	0.466068248942989	0.619734223762406	0.618992220375274	0.482070573272282	0.529923868228458	0.616077210775608	0.562206242860753	0.623261066522782	0.584969761134084	0	0.495304547018163	0.562121953092356	0.494932993359784	0.606832832844746	0.336919253140363	0.618345506152428	0.61917657539555	0.427225622581748	0.552867800016437	0.453869956233106	0.542088610524934	0.593643204611941	0.475582480734142	0.564288335012673	0.570802909770915	0.591191336080805	0.44308253167102	0.440635506436415	0.595986161442509	0.606774860257197	0.530847387921895
"AqFl2-51"	0.754931013831905	0.483202034587301	0.420233583887738	0.615185308280039	0.682081000544606	0.232547629833899	0.78332149728978	0.392972079541169	0.460694114522963	0.75681330109651	0.23250687981281	0.696612068024364	0.460650356230524	0.704671704692254	0.522886485485637	0.245542267258631	0.162558619884404	0.69365265687681	0.780821256217193	0.59082029363057	0.570716711717188	0.728393170918129	0.306284387360349	0.615580839378762	0.761652985832712	0.525437268319278	0.411488548087826	0.743528608469019	0.722448086188206	0.307075758893607	0.769819153744628	0.532877971912426	0.760229623953529	0.493181311382272	0.600114948108045	0.411704643849545	0.7253375861883	0.523094721944973	0.314275312300638	0.705764360746574	0.43339447182474	0.761213888301496	0.771405593100971	0.536205939953708	0.536050516344591	0.770806619741171	0.428256919656842	0.737101473288431	0.769700609846724	0.495304547018163	0	0.63706848980281	0.262021112677748	0.703701726371823	0.434359296800852	0.789624449467817	0.788535319471446	0.45161442329001	0.659697036587808	0.48073671524512	0.748124096843833	0.689623629661827	0.338696708060603	0.312736091564602	0.415053469773188	0.752482019122344	0.550811682977864	0.553311770400479	0.770882767664136	0.468194758277778	0.63828985092088
"AqFl2-52"	0.636979364166453	0.642802623425046	0.727947170878838	0.488988730192851	0.423888087910773	0.678556536714725	0.660586751428454	0.692610649861753	0.657892390344482	0.624295850345804	0.632518649148871	0.492952006562005	0.677083103346252	0.615757428967724	0.494650363647959	0.673814642911302	0.672123930514767	0.456654676355527	0.598853781999773	0.620448356310263	0.684242485219026	0.676778693771235	0.628814445865104	0.409962116604157	0.641232167809957	0.655687519804015	0.622193904462393	0.507647055477286	0.479296423175093	0.658381395099748	0.633060566101118	0.620122377785191	0.624138405358862	0.679132949183545	0.493305856770063	0.608596917436876	0.622996144855773	0.700610646080478	0.605038010855904	0.502574707636991	0.593953234094187	0.534678272430882	0.654575545853626	0.657031351312182	0.696936772145851	0.62585932667928	0.630609205631333	0.488143971238161	0.608646913174506	0.562121953092356	0.63706848980281	0	0.630390226155225	0.433366256193398	0.591685435457932	0.65429367686384	0.647875709265001	0.609818886885441	0.399756815048875	0.646155464251996	0.640349404728349	0.449137385284991	0.597445413367531	0.697585969244487	0.701830359642728	0.643109325382208	0.657079640355016	0.622892412548779	0.638358396522778	0.714358008202189	0.421665446097808
"AqFl2-53"	0.751827861642481	0.458202892419604	0.29565975053646	0.567319462845483	0.684588742468686	0.391737051307449	0.795202430341153	0.326971839760337	0.495535433368479	0.759042171522265	0.214289229048416	0.672106965158071	0.393008185704751	0.708802249881597	0.477075987194032	0.262503360477401	0.320096035121967	0.699458395387522	0.786632898814193	0.552287606437089	0.524104736215866	0.744216238887316	0.165000756833601	0.578552128550895	0.766610255984498	0.453118922638587	0.436948349176735	0.749966929532541	0.694629528851823	0.195986024299566	0.772119439158333	0.473408410273956	0.765122345461904	0.572652286197871	0.561044958590731	0.412832799686771	0.736297809137412	0.444593155416323	0.157076483972356	0.678835642556778	0.348532784483694	0.761250630707679	0.777208110445366	0.473304858198741	0.47968922505225	0.778171479629311	0.324923692530471	0.715853691266321	0.780537875230214	0.494932993359784	0.262021112677748	0.630390226155225	0	0.700288348312167	0.415276756152254	0.793745247525564	0.794718748987202	0.48138090814206	0.662350295977843	0.478491254739098	0.750766219360559	0.664657148902321	0.175683419166748	0.228699694620161	0.32746370757276	0.758946183787771	0.501534525360899	0.5791061858507	0.777570424751572	0.393092851781433	0.606288678096314
"AqFl2-54"	0.549857644593868	0.644747088560347	0.7573874047765	0.521236667860581	0.429071294692694	0.717624838639445	0.589598237959797	0.703495316281244	0.610183780095394	0.525451228738356	0.702286920552814	0.531640658689507	0.667231639036024	0.564839050917791	0.565231988358176	0.734688691823674	0.709206479913927	0.454278602426597	0.541824730437433	0.562421717844642	0.664596433752663	0.626722222475547	0.700587106274057	0.468542024253478	0.567328019086339	0.64441555957728	0.667682279106538	0.529029930611838	0.444068549380583	0.721712110826228	0.552604586569386	0.603315217524052	0.531143169836946	0.651020338143829	0.479274497885751	0.64881359766387	0.547532339564265	0.690385936306161	0.680983236739714	0.434915125636959	0.609874977365136	0.405311933141451	0.581657925002208	0.602352004397121	0.673965958836236	0.516690012287727	0.679729323762552	0.438747303922411	0.545093985833923	0.606832832844746	0.703701726371823	0.433366256193398	0.700288348312167	0	0.609680838214102	0.562104884405854	0.562063389658917	0.575103355307709	0.440279795882529	0.620747801058922	0.559712537856215	0.449334209955913	0.668265880640944	0.755387436689815	0.764821811023144	0.557161738454495	0.630208162112951	0.549732089307725	0.556866981205727	0.717367070134343	0.448317852647459
"AqFl2-55"	0.632081280579783	0.311972642085082	0.543306669962811	0.559631295305474	0.629674439830452	0.466729332997258	0.658890352551035	0.434200638259439	0.363448513299872	0.639643041111088	0.407834155748877	0.668304690581775	0.354516013737673	0.53223214346972	0.559566406937966	0.46910898081701	0.481273728762909	0.6330897472116	0.66892695937071	0.421247682523544	0.40124210036872	0.56534203980887	0.45641199033163	0.589513735713055	0.633228199637995	0.317229526908744	0.433229608961178	0.689365880163458	0.682621566895672	0.418404006285673	0.649241883760952	0.348255346849835	0.637052400354001	0.408388993118018	0.603969847980131	0.44968168979458	0.609396780421462	0.460251553972274	0.381211489120274	0.629514000783069	0.421167040774481	0.662068037036142	0.654210630885459	0.372560090224768	0.387101871618361	0.662616488777603	0.49379200950002	0.698406595330243	0.65079358048803	0.336919253140363	0.434359296800852	0.591685435457932	0.415276756152254	0.609680838214102	0	0.68124836672884	0.673904510698985	0.340535563358795	0.623539189392358	0.364742449392123	0.604884109680586	0.64186211259848	0.399587799980804	0.487805861999238	0.506202927755439	0.629865788163807	0.398077323302695	0.425251261041318	0.656189661580232	0.517477598052638	0.585228773488393
"AqFl2-56"	0.348342460241836	0.706253394457735	0.846294027762719	0.672841863217989	0.604325929672552	0.80296313957782	0.351506228710073	0.791187023223109	0.683105201616284	0.351436575850627	0.788769616325152	0.636855362262753	0.759329238195607	0.478077863469994	0.713303197663536	0.816324653560867	0.802432012401088	0.606890767552887	0.349532199080668	0.561902223202116	0.700643880592316	0.445083948437535	0.799589761311825	0.671223437378876	0.352114384490925	0.70756180099836	0.73875369334203	0.65028997659582	0.645585891305307	0.807576283743615	0.386830865125516	0.647088340571815	0.33621693750722	0.653241903212306	0.676835020674686	0.718701109272912	0.427573811674654	0.766563500703746	0.774831201664858	0.582881092664414	0.735591092103332	0.527510470823879	0.353791989191275	0.642369262372208	0.757685889537296	0.31047522141997	0.775944746859646	0.610560339447384	0.38995951665059	0.618345506152428	0.789624449467817	0.65429367686384	0.793745247525564	0.562104884405854	0.68124836672884	0	0.309045347065402	0.648469734363019	0.648634575142809	0.681185056170974	0.405249885680327	0.63312772486674	0.766189452340691	0.836256236944256	0.834912293873329	0.383656029498799	0.661285712302111	0.570628006229543	0.313435396358973	0.800654312293233	0.634713455252882
"AqFl2-57"	0.342233632452755	0.696510476813144	0.83071251349981	0.657795737240974	0.61563863407393	0.799451181055466	0.299353367254302	0.767460501580803	0.669047464979367	0.336663211149357	0.779861106953693	0.666479364486791	0.75552027629275	0.434802771519474	0.715643296858384	0.817285735950922	0.796217579187041	0.619718008533061	0.36104815913303	0.551418411231557	0.683918275208656	0.430576716045463	0.806975199039634	0.683198510544726	0.325892818081437	0.698042458643596	0.752735907251013	0.63252631026615	0.640775372187231	0.808022844687597	0.365612054060051	0.635569609156947	0.329006163550891	0.646758323106636	0.674798969854506	0.711157050306731	0.403597123013394	0.739877139307171	0.768125926553697	0.591465889091376	0.725388107433979	0.538989065933666	0.367558432732221	0.613654551627534	0.756709314642308	0.318421559356203	0.731958814639603	0.581164371147427	0.33623500142054	0.61917657539555	0.788535319471446	0.647875709265001	0.794718748987202	0.562063389658917	0.673904510698985	0.309045347065402	0	0.638460148387926	0.647578751099065	0.631290706435124	0.362280865747505	0.642273819507061	0.757743759068847	0.817181229822985	0.815562745430629	0.319468050154419	0.62777928694064	0.549476073120392	0.316081674319009	0.788513567334394	0.640861070106751
"AqFl2-58"	0.614324631989935	0.399201989021514	0.577269156955436	0.559696646363081	0.631377034675111	0.506268284212758	0.635474922501322	0.430841717029801	0.33729043023338	0.610601111764244	0.447846073741536	0.670642996310289	0.41634384107017	0.562204163445831	0.572891917896747	0.510531650251703	0.499094773142542	0.599126067953328	0.652328027436784	0.422973664298222	0.480079978640178	0.570743276796942	0.510645480464576	0.602917586391354	0.604505241652508	0.396904897500897	0.463028392653968	0.673315604790708	0.656787552145551	0.474411777651141	0.622088760099445	0.372320144952141	0.610860351746942	0.391962682067938	0.564993684708928	0.414113250588322	0.582691715774092	0.453352481933532	0.433827998728737	0.593947114677019	0.451895408230109	0.635895335994539	0.643674701089297	0.357295154037261	0.427966964287605	0.633963905143698	0.494575923570109	0.649009943169485	0.623013407400943	0.427225622581748	0.45161442329001	0.609818886885441	0.48138090814206	0.575103355307709	0.340535563358795	0.648469734363019	0.638460148387926	0	0.594337124492466	0.296595145176629	0.616428456671483	0.627721560593202	0.443325116339481	0.541415926187659	0.564805655434762	0.5993376807669	0.39985258741726	0.393922650076329	0.636228258522196	0.548075143846019	0.56429942585943
"AqFl2-59"	0.631138668022252	0.645956062448742	0.725893273630188	0.430770086506682	0.44711813278138	0.685276314355861	0.657852441195324	0.691779457685805	0.658343801751576	0.619905317722792	0.638999766314116	0.472227570980065	0.691256604734178	0.621098722529357	0.535123215987065	0.69695229958694	0.676449242856211	0.415087709383451	0.629949479809168	0.630451064592845	0.697983091778792	0.663477535233084	0.661797655929345	0.402402634617371	0.647412874035798	0.662518427161376	0.623066200024339	0.439742696133265	0.425529175036077	0.683119663562362	0.638384406816278	0.625838095430885	0.634843961671156	0.679522614336125	0.483496946567484	0.629310078645573	0.60182980265997	0.676312437192831	0.649536061969813	0.450827425954156	0.632822564113516	0.48247999275517	0.671638880068067	0.659958291418137	0.70840308274201	0.638699612720895	0.647506545766152	0.423937770749453	0.626504926304091	0.552867800016437	0.659697036587808	0.399756815048875	0.662350295977843	0.440279795882529	0.623539189392358	0.648634575142809	0.647578751099065	0.594337124492466	0	0.603277807894546	0.624963512568018	0.417126421823879	0.621515462621877	0.695978816225798	0.701218474496357	0.626951458823783	0.618137347798614	0.617638884821492	0.671254483402056	0.713696388921745	0.466930252612973
"AqFl2-61"	0.635045232923892	0.350864426638784	0.531424603279042	0.558301119113079	0.663750739540659	0.52039622775841	0.633179390149099	0.392226944550129	0.316795773243344	0.631113605922188	0.436092059881407	0.694068495794158	0.4055377092507	0.522196566995466	0.566521120967852	0.506842896228625	0.48514787753846	0.606438615404181	0.663605666211468	0.408711779241989	0.49147184220536	0.574858464216692	0.509142131287687	0.630898925307482	0.629684361056268	0.378644104533106	0.473639188537009	0.682630298543686	0.666068873702301	0.487305122314288	0.64178251772867	0.367647854987671	0.638314840771017	0.410927295292058	0.618231232834616	0.458406420249549	0.571244226063357	0.333066940986405	0.482365400196536	0.615622135266688	0.429537438131689	0.662007780044288	0.670497854463364	0.304785230858012	0.448303214057518	0.659706183249737	0.420797295184095	0.659791769652188	0.615751087634946	0.453869956233106	0.48073671524512	0.646155464251996	0.478491254739098	0.620747801058922	0.364742449392123	0.681185056170974	0.631290706435124	0.296595145176629	0.603277807894546	0	0.591591817231677	0.670696766919747	0.457716087755359	0.489130680399174	0.518436905817206	0.591691739266271	0.307187664053635	0.402896102805134	0.65925081969493	0.504372116480285	0.608001954599785
"AqFl2-62"	0.361380614370659	0.631376891509896	0.800683963352605	0.616709550467821	0.608305304008618	0.765418026836972	0.36690593047855	0.734226890465645	0.628486801468539	0.392089360732401	0.742458291425309	0.636005886080326	0.702291016098541	0.373854116746672	0.673335351924502	0.777596772159098	0.768309610243085	0.615075741224615	0.387152630580598	0.498429021329435	0.633826682280412	0.395818710883082	0.765676806129553	0.63856663635617	0.383408082101616	0.634587794729853	0.708921344375908	0.634011819646599	0.631227927923105	0.766465462456178	0.395805484901201	0.562001172327976	0.346008567943962	0.598890121853441	0.655809215367321	0.693787567804286	0.377125043754132	0.681693149483513	0.717207255356632	0.61602062007293	0.684859970653823	0.524906848329208	0.413071751564674	0.579778826638436	0.711289854285607	0.391965882004911	0.713780318814453	0.613495033154381	0.39235673138488	0.542088610524934	0.748124096843833	0.640349404728349	0.750766219360559	0.559712537856215	0.604884109680586	0.405249885680327	0.362280865747505	0.616428456671483	0.624963512568018	0.591591817231677	0	0.639228401335324	0.722947695986615	0.776268227538101	0.774203574160282	0.376760190413123	0.55850642020418	0.498639838565308	0.36803827793495	0.751204936151407	0.59381297169225
"AqFl2-63"	0.616700363099701	0.65709099752038	0.752946649834093	0.458256636077828	0.429788108394807	0.713304157115147	0.660231142851606	0.71283082020176	0.679401104006194	0.611213212355473	0.68772125488937	0.423892592146841	0.678240354650798	0.639211336154709	0.467669419165078	0.725036872368951	0.719987966909166	0.434000341899572	0.591121226203244	0.601923976663121	0.690274575691738	0.671179360731911	0.663434482493513	0.414413493372336	0.648345482000096	0.657248065201955	0.655425238894374	0.444915513485926	0.392434684524019	0.689991537111816	0.637224899564133	0.629243718033521	0.602251108420201	0.700204407195719	0.462989748706602	0.648357897533315	0.607049802234614	0.701807497871353	0.642160273224553	0.451968348488142	0.622699998903623	0.480482540665768	0.640238687139483	0.637228967971811	0.697907912688635	0.626300811003859	0.655773738983534	0.459633913565424	0.62883159683297	0.593643204611941	0.689623629661827	0.449137385284991	0.664657148902321	0.449334209955913	0.64186211259848	0.63312772486674	0.642273819507061	0.627721560593202	0.417126421823879	0.670696766919747	0.639228401335324	0	0.616863942545948	0.725949789909008	0.728298648018555	0.637185327270946	0.644976345528768	0.613849017397154	0.642052513380795	0.69346458751314	0.430761408835562
"AqFl2-64"	0.719330774305976	0.436939480640396	0.40882452352375	0.52274927476286	0.645559394903007	0.423242646115992	0.758685852929118	0.385550461591085	0.475625990287292	0.727328535413372	0.305690871076625	0.646785380717883	0.402785058801038	0.674857079525713	0.479455388652272	0.350372666720739	0.389874121588575	0.656533564763332	0.754538828005388	0.527921108464354	0.492133070219327	0.715970182619397	0.267961177686242	0.553597385519282	0.733086382551471	0.430471879275812	0.445869101435757	0.711874222656967	0.668518425148544	0.250928974357745	0.732922035048176	0.452010020808999	0.734789622585684	0.555973747162007	0.536333845096884	0.380401302274039	0.706616476682372	0.436215325593241	0.236191191237809	0.652079106173448	0.351235302284836	0.72725631451398	0.741120447637449	0.450427989200758	0.457401719181884	0.749257058702807	0.324073132802166	0.673287003561278	0.749719427754367	0.475582480734142	0.338696708060603	0.597445413367531	0.175683419166748	0.668265880640944	0.399587799980804	0.766189452340691	0.757743759068847	0.443325116339481	0.621515462621877	0.457716087755359	0.722947695986615	0.616863942545948	0	0.324783760459006	0.389391043855756	0.720046433414547	0.463664287892567	0.553861761756032	0.750421441132669	0.431832250756667	0.573826521233294
"AqFl2-65"	0.802379494190743	0.496505833998023	0.207491201573635	0.608429555551148	0.74255668725875	0.425914070434724	0.806015183757326	0.20913701296256	0.533593051089391	0.802400453228258	0.254030603879718	0.735504583692719	0.415849047106793	0.728652017848936	0.551566265429746	0.275770495196815	0.342981775829095	0.7249239367717	0.828953612832292	0.616446562214954	0.580933393886464	0.759065110926506	0.198479472382756	0.653222838460097	0.810167797001228	0.531352624158825	0.486155989322649	0.776106027238581	0.72785307135262	0.198765485891575	0.817318302543382	0.524938527458282	0.806364882555229	0.633109501496819	0.639211438672088	0.452316361129443	0.750956693968036	0.401269727805276	0.294762239951983	0.741104705155324	0.387379457562382	0.80882103097024	0.821179112081506	0.553197073400589	0.552692320390808	0.816618247290661	0.332686578788238	0.743743053600921	0.793741584873091	0.564288335012673	0.312736091564602	0.697585969244487	0.228699694620161	0.755387436689815	0.487805861999238	0.836256236944256	0.817181229822985	0.541415926187659	0.695978816225798	0.489130680399174	0.776268227538101	0.725949789909008	0.324783760459006	0	0.214134738627171	0.78030804149244	0.509837776306896	0.632556474277423	0.820796740646329	0.317560498270999	0.675636786780852
"AqFl2-66"	0.801169629106858	0.532851830188731	0.354446775963876	0.616990411869858	0.746068147882936	0.508379729501727	0.809527380351181	0.282951968762647	0.550866746596991	0.798476800303209	0.337203210622342	0.738573386003095	0.349944013000233	0.726870282259065	0.579334607304102	0.301557512690795	0.446765987303076	0.727271823076569	0.828493941299821	0.61024276574232	0.507524281404626	0.727668716586675	0.334488988573687	0.660907031059718	0.809641077341318	0.465327571043351	0.537072495631371	0.750453246746167	0.730183150526074	0.334092150150637	0.815701278888299	0.534168343511957	0.804754531608751	0.595788449530809	0.663705070888798	0.48178856058314	0.750565934262163	0.326065043779887	0.340011367258212	0.736432305829046	0.465802739627187	0.809106377868359	0.817292023925279	0.575840202931704	0.487945236014242	0.813019531653399	0.403431900686115	0.746483840423512	0.793215467649558	0.570802909770915	0.415053469773188	0.701830359642728	0.32746370757276	0.764821811023144	0.506202927755439	0.834912293873329	0.815562745430629	0.564805655434762	0.701218474496357	0.518436905817206	0.774203574160282	0.728298648018555	0.389391043855756	0.214134738627171	0	0.776119292524067	0.531965570217867	0.633901436406267	0.819216669633537	0.426520898080087	0.682333647062286
"AqFl2-67"	0.350422994587607	0.615293949450042	0.785600464156938	0.652871175322557	0.622594488431185	0.77136032079175	0.327959325362158	0.7286150501905	0.610549578798182	0.327863598689564	0.751100536699482	0.684427094999357	0.714796191674699	0.443115471478304	0.690585565880767	0.781616928148146	0.756867587852526	0.627725531035984	0.384855132142159	0.520113966164449	0.67559860595279	0.416539059076948	0.771582301907876	0.672864996532738	0.307624628046239	0.656907501148176	0.7082031391026	0.658305189708893	0.620891075618267	0.772276653637166	0.369042377448352	0.593663338230412	0.330894367331698	0.604276491575048	0.6656299693021	0.680686776324381	0.386255016869741	0.697429833561132	0.730973137266243	0.605497307756026	0.71757810796376	0.573375961128729	0.398820094756113	0.558235497465625	0.718000163396143	0.346955178561884	0.696932379746211	0.632853239705981	0.348066034262111	0.591191336080805	0.752482019122344	0.643109325382208	0.758946183787771	0.557161738454495	0.629865788163807	0.383656029498799	0.319468050154419	0.5993376807669	0.626951458823783	0.591691739266271	0.376760190413123	0.637185327270946	0.720046433414547	0.78030804149244	0.776119292524067	0	0.577587346725048	0.531647033278496	0.394364463550225	0.74173501211739	0.631781822912069
"AqFl2-68"	0.602777380656276	0.378543757162399	0.556469159982753	0.550873721448972	0.669345513447046	0.566218644714596	0.613737872868739	0.45413048146935	0.445839354128864	0.624932186073437	0.527839269730113	0.668848252407127	0.419760574253767	0.465567864810342	0.582531986713	0.593884110579977	0.594139341101294	0.627014563170233	0.649718864772533	0.382919546165261	0.447373864879809	0.541154487017802	0.535814551005035	0.60440774101263	0.62469944355859	0.365546672132935	0.529506825967113	0.681717989912119	0.63547186156938	0.508800638628047	0.638298078805389	0.378639828529429	0.623662148414799	0.399542386675682	0.610745516496678	0.549217723984968	0.530665937548369	0.376373116960845	0.482849519786729	0.628510014688463	0.460573009716129	0.650186249767148	0.636947868246454	0.340244595978836	0.446415965280836	0.645664960068735	0.501895957641711	0.672022528225051	0.598357579901884	0.44308253167102	0.550811682977864	0.657079640355016	0.501534525360899	0.630208162112951	0.398077323302695	0.661285712302111	0.62777928694064	0.39985258741726	0.618137347798614	0.307187664053635	0.55850642020418	0.644976345528768	0.463664287892567	0.509837776306896	0.531965570217867	0.577587346725048	0	0.440277084643667	0.640574051942214	0.533317783338868	0.585807870783552
"AqFl2-69"	0.527637310604255	0.430414868331636	0.636256037696368	0.590422588944679	0.599713167991007	0.596398071705761	0.548312131922901	0.560839997378607	0.377449909994159	0.546689108664928	0.55542418292797	0.629704540473438	0.499826991881585	0.444027197996946	0.539793743382726	0.606013415244466	0.567077812010144	0.607682363053896	0.562944830531959	0.365380126015958	0.46227289865595	0.468571026754135	0.591546074781132	0.587768953020663	0.545648593413388	0.414661373359095	0.490195458488631	0.67326722779719	0.622323750066284	0.577620195020643	0.528400734179834	0.408397972505864	0.528845954765191	0.445223405309916	0.572958571954287	0.51878871230058	0.482547037312342	0.520701861000782	0.566662341308154	0.586811306490051	0.486795244440754	0.584570597572158	0.567257924774245	0.369868634749158	0.496920894024108	0.536387349008801	0.565662399147613	0.649219708015002	0.541075756878934	0.440635506436415	0.553311770400479	0.622892412548779	0.5791061858507	0.549732089307725	0.425251261041318	0.570628006229543	0.549476073120392	0.393922650076329	0.617638884821492	0.402896102805134	0.498639838565308	0.613849017397154	0.553861761756032	0.632556474277423	0.633901436406267	0.531647033278496	0.440277084643667	0	0.519306704645001	0.538647317573558	0.549564287701105
"AqFl2-70"	0.352154275702191	0.679580010512155	0.834025362880038	0.682540919806719	0.61438385214013	0.781881078345112	0.320793436113063	0.77204878779066	0.652455422429023	0.310142301419681	0.769486713028458	0.647889266556976	0.737441384478494	0.439980805897551	0.700845794588598	0.799762651210255	0.785037513033586	0.603367558822973	0.317222548907361	0.534642474624004	0.658013724075765	0.417512878528507	0.776931391635957	0.661207434571338	0.338439133217079	0.682199896742066	0.724218305705759	0.668441137911736	0.644746661558488	0.789868530363904	0.376659940710584	0.620824220270841	0.330574774799601	0.63628749931231	0.671452999919956	0.697108683790995	0.375429427760549	0.745738291568542	0.754407626937881	0.596442269193623	0.709193163875914	0.553607864474531	0.362058672383263	0.594475763569306	0.73841545917379	0.333704166595583	0.740856685469269	0.620335975053775	0.385737010869169	0.595986161442509	0.770882767664136	0.638358396522778	0.777570424751572	0.556866981205727	0.656189661580232	0.313435396358973	0.316081674319009	0.636228258522196	0.671254483402056	0.65925081969493	0.36803827793495	0.642052513380795	0.750421441132669	0.820796740646329	0.819216669633537	0.394364463550225	0.640574051942214	0.519306704645001	0	0.779322871501283	0.621644869852108
"AqFl2-71"	0.773933460361335	0.53692167225446	0.316062764615862	0.616836779977371	0.73958313701566	0.528068196663174	0.79036181106863	0.39627903627245	0.52075652422416	0.772298837042669	0.413671112088576	0.720649909693686	0.479504490434854	0.710806234103921	0.562097385866265	0.455489981230876	0.414643912226348	0.727807591194609	0.799082145011343	0.591586538813726	0.639032679989659	0.731371687410297	0.381894593205879	0.658642783542626	0.786524038695223	0.565216271432094	0.452047236146054	0.789258362058363	0.692436903755731	0.296497591383912	0.780578618614332	0.548110632495751	0.766050409511853	0.64774305038949	0.597842715095375	0.49597117160495	0.716524554362117	0.468170723127204	0.43870197293054	0.726179203902551	0.437682951713478	0.774198496716682	0.790384541365059	0.52950943194605	0.585214836253273	0.766946051409129	0.348535082063271	0.733401172174848	0.76535507344113	0.606774860257197	0.468194758277778	0.714358008202189	0.393092851781433	0.717367070134343	0.517477598052638	0.800654312293233	0.788513567334394	0.548075143846019	0.713696388921745	0.504372116480285	0.751204936151407	0.69346458751314	0.431832250756667	0.317560498270999	0.426520898080087	0.74173501211739	0.533317783338868	0.538647317573558	0.779322871501283	0	0.670713693828774
"AqFl2-72"	0.598511625361669	0.599669151864786	0.709949515373569	0.400951482698777	0.470684081099806	0.667239515564122	0.66231638464063	0.653066587143004	0.621540684569048	0.607043378475429	0.634582184812614	0.449312522796336	0.626093584118807	0.595056096813499	0.457687752885633	0.67578775224183	0.67423983439342	0.464741358919348	0.631640993624794	0.543159918934417	0.599799531722811	0.659087667841071	0.603207811559324	0.379608665724862	0.633087298766903	0.592142819459479	0.642888263908824	0.504908021601298	0.442853336332161	0.6277580959189	0.611483079918974	0.552828711772275	0.609954359836816	0.642212816219956	0.47077352301034	0.559009009459062	0.584372753972401	0.629615632755005	0.586200474794063	0.47353571053951	0.544278589828614	0.509161626445893	0.645402002530412	0.568024579977704	0.631576905961502	0.631051071385529	0.604704825135635	0.483285487091826	0.607438871870259	0.530847387921895	0.63828985092088	0.421665446097808	0.606288678096314	0.448317852647459	0.585228773488393	0.634713455252882	0.640861070106751	0.56429942585943	0.466930252612973	0.608001954599785	0.59381297169225	0.430761408835562	0.573826521233294	0.675636786780852	0.682333647062286	0.631781822912069	0.585807870783552	0.549564287701105	0.621644869852108	0.670713693828774	0
