""	"AqFl2-01"	"AqFl2-02"	"AqFl2-03"	"AqFl2-04"	"AqFl2-05"	"AqFl2-06"	"AqFl2-07"	"AqFl2-08"	"AqFl2-09"	"AqFl2-10"	"AqFl2-11"	"AqFl2-12"	"AqFl2-13"	"AqFl2-14"	"AqFl2-15"	"AqFl2-16"	"AqFl2-17"	"AqFl2-18"	"AqFl2-19"	"AqFl2-20"	"AqFl2-21"	"AqFl2-22"	"AqFl2-23"	"AqFl2-24"	"AqFl2-25"	"AqFl2-26"	"AqFl2-27"	"AqFl2-28"	"AqFl2-29"	"AqFl2-30"	"AqFl2-31"	"AqFl2-32"	"AqFl2-33"	"AqFl2-34"	"AqFl2-35"	"AqFl2-36"	"AqFl2-37"	"AqFl2-38"	"AqFl2-39"	"AqFl2-40"	"AqFl2-42"	"AqFl2-43"	"AqFl2-44"	"AqFl2-45"	"AqFl2-46"	"AqFl2-47"	"AqFl2-48"	"AqFl2-49"	"AqFl2-50"	"AqFl2-51"	"AqFl2-52"	"AqFl2-53"	"AqFl2-54"	"AqFl2-55"	"AqFl2-56"	"AqFl2-57"	"AqFl2-58"	"AqFl2-59"	"AqFl2-61"	"AqFl2-62"	"AqFl2-63"	"AqFl2-64"	"AqFl2-65"	"AqFl2-66"	"AqFl2-67"	"AqFl2-68"	"AqFl2-69"	"AqFl2-70"	"AqFl2-71"	"AqFl2-72"
"AqFl2-01"	0	0.735045770153922	0.945539686061548	0.791036870138259	0.689914496838338	0.881989206454524	0.512887218338869	0.915779691854712	0.767092702328236	0.432756696743973	0.841154634094067	0.764379240582986	0.792904226990222	0.560035984926731	0.815966784012276	0.903011464415169	0.832851977298027	0.753326108251928	0.454393238525909	0.648613124820706	0.803547969574553	0.604161854683709	0.859982282766589	0.738878894981074	0.474836770530204	0.758822268838556	0.831348500256069	0.741284299893779	0.748676126467053	0.875084619754109	0.405906690651878	0.741430328851015	0.423013066985796	0.721637321472691	0.738279037243802	0.843740281649564	0.509131433593207	0.816231655621067	0.876362850817692	0.730119711773906	0.601079778896832	0.408223397962584	0.710569371095844	0.818921705417894	0.406203527595657	0.84999438014488	0.744938012005625	0.462169167035745	0.676804581012237	0.851264651890196	0.758445050955456	0.871146610011727	0.652900478386468	0.770960729717633	0.481461323242497	0.483557582272166	0.724750203099911	0.697658235528032	0.767534504737926	0.436702157309433	0.721144868055627	0.836384924321266	0.927186063870514	0.933194034129632	0.438779383696177	0.75977494545342	0.632724161319206	0.516077782748016	0.882936891235804	0.760373976602944
"AqFl2-02"	0.735045770153922	0	0.847159545657069	0.748846073008051	0.774495471195236	0.669055971502492	0.814997477121669	0.73697640708523	0.540006668138383	0.797377141610013	0.672200913145706	0.767010948195232	0.573181958961786	0.693407536957745	0.677435133617614	0.694912529403519	0.645616410637334	0.823727633070024	0.809683373740989	0.577603076038009	0.574441813267068	0.716908485775217	0.574072795244769	0.725104072211924	0.82178583799132	0.432927279118678	0.620377366843448	0.796012156709188	0.799760738480737	0.603794285865786	0.795008272939424	0.465956821460583	0.798587721740773	0.607946254999813	0.701431061227047	0.617888941263806	0.75257270836677	0.517819687780509	0.64298817346694	0.741096539879455	0.779177431819579	0.765344008032349	0.477845007141047	0.597374241160139	0.79334682794578	0.687281401681231	0.827007420041277	0.79861214474469	0.584939229951824	0.606084980988983	0.77354175570254	0.660825683002956	0.738441433113395	0.483654427399643	0.819002095042815	0.818782269157384	0.571942647666122	0.783101065632255	0.614456547130529	0.762228967131307	0.776994351474322	0.559479325348781	0.881755979133324	0.773594515671013	0.779958646689117	0.627944273078296	0.601959166037941	0.833074089460521	0.687646890731728	0.70813998448298
"AqFl2-03"	0.945539686061548	0.847159545657069	0	0.80848736641091	0.899671314077708	0.676458576803975	0.964989178261098	0.506887123283859	0.747779424221395	0.973749056827908	0.683993903289668	0.895660438411889	0.719496051418786	0.956310669168451	0.814350896643438	0.54926903269066	0.639285021815078	0.96150388361247	0.95960725035993	0.871987875580322	0.920540502266681	0.961766112036543	0.613940455128054	0.887126800984106	0.971475973962103	0.832458096358505	0.726041939506654	0.921105224482252	0.855149584776189	0.549400617193382	0.972745890738931	0.850149842380935	0.923655929976176	0.805715991984139	0.893903973244807	0.7011509376183	0.897225431421065	0.685958315937893	0.604597231492445	0.878034278211292	0.916493943111935	0.944353120629433	0.821471762871768	0.685583281669231	0.949256885042531	0.664500744229197	0.953108769845503	0.928125132999495	0.81748566202809	0.78377256871466	0.961433500402262	0.590272728551741	0.872939886488394	0.756866542849197	0.971979447976911	0.972902180797028	0.795824148784816	0.912286256301165	0.721185873844295	0.973932136026412	0.913066807737721	0.738680971147782	0.863861561135423	0.555229012147796	0.923882341782221	0.781271722368913	0.864491851839168	0.977620548784533	0.596893077773941	0.899127286243151
"AqFl2-04"	0.791036870138259	0.748846073008051	0.80848736641091	0	0.626970731130917	0.772378696326261	0.822624964332564	0.759398075234139	0.747671194824635	0.808578590138803	0.716270538567492	0.605555000352576	0.730506964886623	0.784313317653603	0.591432534473256	0.804179951355699	0.741379220141674	0.63832878693034	0.816701092989796	0.709953350881569	0.833771869446638	0.793130665202231	0.715998368867449	0.647515286701877	0.806365630652442	0.725549537618857	0.699296702053804	0.605261859428133	0.561855913025363	0.702347147387029	0.819161427008412	0.719586929515258	0.772502702519356	0.762140552234794	0.543962526487116	0.625107982883063	0.699049407339308	0.702819154677234	0.712710813572413	0.603064003480036	0.676547786320063	0.808334079990372	0.743959406206402	0.743082626603516	0.792598629097467	0.686765428025489	0.663879746347609	0.776111210084637	0.65623170256239	0.774175979562143	0.625630944939695	0.7060839906162	0.61920739872126	0.709996217205784	0.818524648621772	0.815963818466434	0.721280119442478	0.544075200561932	0.703763472226664	0.816291503028385	0.606503106806899	0.668976719931579	0.909626576759454	0.848513186091212	0.806260389084634	0.718200777870324	0.757255228282266	0.822426331393584	0.723232713021514	0.56654442358014
"AqFl2-05"	0.689914496838338	0.774495471195236	0.899671314077708	0.626970731130917	0	0.814228061896995	0.76375201001597	0.860075876422916	0.756613204673366	0.730711980478877	0.746779985301158	0.560535262120915	0.750675147091293	0.753995559386475	0.66203718036012	0.834449705676325	0.752135589196961	0.592824814762229	0.702532721132885	0.711352824029493	0.838846225298597	0.758515356681866	0.794591174795948	0.557366186725446	0.729141566502698	0.784950583916295	0.735394555878589	0.584494727046474	0.530336608171134	0.794745638283454	0.711688027224852	0.776408657424851	0.656465516951294	0.720709263857078	0.620237768598938	0.717072406953926	0.662769566461719	0.802133757510381	0.792428776443697	0.589383066901319	0.587565030336948	0.699538459525924	0.765471487223583	0.804254684360982	0.698506076277429	0.807290654265764	0.601657885274497	0.686771908738839	0.625913803290785	0.801515248291478	0.607287403164824	0.796546779610542	0.527384766007127	0.737450210659192	0.702765484006497	0.697593839499317	0.709585714752379	0.565044299331516	0.761402988148053	0.705111590692372	0.542015527699787	0.744947081859043	0.9010270322561	0.908743368991415	0.717230584956918	0.777976617953782	0.708861182376706	0.724553012474398	0.837986142999774	0.615705989079762
"AqFl2-06"	0.881989206454524	0.669055971502492	0.676458576803975	0.772378696326261	0.814228061896995	0	0.916713657379726	0.535185785004046	0.58905955792864	0.926090179749403	0.564018816870279	0.797678673703458	0.654583972201788	0.863931071925681	0.711679420337453	0.454895780583212	0.430555418759168	0.889127198557088	0.913787168722033	0.789455130472232	0.817490812248191	0.894580163794836	0.445819293286954	0.805120767008822	0.926196363557304	0.647459644302922	0.501032446649685	0.865525203255434	0.841780087298704	0.420407460994854	0.908813027448197	0.715799756719095	0.869309524193934	0.678497680632379	0.79541907518022	0.603711438822962	0.859545481808302	0.629612857556843	0.423897340849249	0.802123059429841	0.855757907494237	0.880186605171652	0.709240853297387	0.597918753110685	0.885807543480536	0.689695462103691	0.895837127528724	0.885823909142062	0.682038439819283	0.393025916734125	0.855235391628643	0.531620060575777	0.811783748899136	0.578101945117521	0.919880532897099	0.903918841310488	0.694487443639611	0.864763957087135	0.755523752719314	0.891016670078752	0.831693078761917	0.576193179457896	0.900976145878929	0.760130850781529	0.899187291140199	0.755051970360865	0.778157888079466	0.932405991588761	0.622235057156836	0.804721448550609
"AqFl2-07"	0.512887218338869	0.814997477121669	0.964989178261098	0.822624964332564	0.76375201001597	0.916713657379726	0	0.93655539238337	0.808095995337492	0.440111632749563	0.886471204196558	0.824219053528156	0.8258335288675	0.570088715215292	0.860851771729725	0.956706574189392	0.875558303952024	0.768104982878536	0.458747962207591	0.690775092549753	0.802155300078191	0.540865043792268	0.914833361257206	0.806105444766407	0.428936815606006	0.791098860675291	0.879462393435064	0.766450397525531	0.790675123956194	0.924774516725671	0.475859238372379	0.802912267648149	0.487337812779666	0.739272121124504	0.827337878185778	0.860948985938133	0.488732890488555	0.842270928417407	0.916836642993494	0.767275596281321	0.71457488287935	0.501638913444744	0.74842982961786	0.852358378603201	0.469104194834566	0.880523613679165	0.738173588099028	0.528716797003779	0.709463342875673	0.901591314324481	0.798598827380447	0.899228504335394	0.747940463796631	0.799736818780644	0.466186876082525	0.469129817605152	0.775556996079522	0.790486703207079	0.775095721771765	0.521853108855576	0.780188373163533	0.890904964280292	0.921834663639381	0.965082009080772	0.465244605749812	0.77000294577316	0.659636571097957	0.494021164438121	0.906440271517515	0.79813679742922
"AqFl2-08"	0.915779691854712	0.73697640708523	0.506887123283859	0.759398075234139	0.860075876422916	0.535185785004046	0.93655539238337	0	0.723172872001084	0.947123624712029	0.560732291106543	0.852606961216223	0.660329548300399	0.91027205660566	0.729300704886826	0.592675530120531	0.644576468556937	0.906042029162393	0.949210571944636	0.82243627739873	0.878367149141672	0.906694382464198	0.460250697535547	0.863385281491068	0.941657034555022	0.720046494469668	0.628724169916374	0.880528140515807	0.852676826882858	0.433728788298612	0.944813650391883	0.750599159960581	0.902608161354181	0.764724451486275	0.837972682245721	0.640934380978093	0.859756128148292	0.55504807960007	0.449464951843617	0.853110628373399	0.890661469550475	0.916724225028324	0.740843462971892	0.641799935148879	0.924108693297451	0.58481734049252	0.928293992761174	0.905045430944065	0.749043239033001	0.652827019483752	0.915776041576251	0.509486181746199	0.859184086433463	0.664038875567039	0.951748622723793	0.945691445828741	0.737707457968346	0.866330791281976	0.705700054264524	0.937496601042165	0.874468775680112	0.61608555938822	0.858463462995439	0.621994874292278	0.912567953795618	0.735449363315455	0.808901782032764	0.946798656568412	0.537622971222463	0.846042915963917
"AqFl2-09"	0.767092702328236	0.540006668138383	0.747779424221395	0.747671194824635	0.756613204673366	0.58905955792864	0.808095995337492	0.723172872001084	0	0.818058954796451	0.669483010118447	0.762798447286784	0.571695921470511	0.721655003903341	0.712435850510567	0.644526274618889	0.539366710808227	0.845748417902689	0.787152529340889	0.566854222848897	0.655999911768379	0.746386841096989	0.562943062436261	0.743131993832757	0.81684787211759	0.554569794298815	0.511213139632919	0.824551834452122	0.764102418216871	0.622604810726179	0.779780185449753	0.531077328538627	0.766631798775366	0.602694105963055	0.728380941330903	0.584788818826169	0.721523923373811	0.52824531878555	0.645787990583981	0.748724622874792	0.743555546517551	0.766329748918101	0.520758028183781	0.600082022027944	0.780709342852462	0.692846814054439	0.80776791195175	0.769886209698438	0.62717918778447	0.646441628985902	0.809972729375177	0.631302039584717	0.675289844952655	0.532759135477214	0.811878509544908	0.816285048783587	0.558484242007603	0.807831379011904	0.58852871160255	0.770486425950178	0.786852296865087	0.621323285341877	0.904079991422797	0.826045348017105	0.758591005290623	0.626623005949343	0.602833118725398	0.827654540228323	0.626116026732728	0.760987237177714
"AqFl2-10"	0.432756696743973	0.797377141610013	0.973749056827908	0.808578590138803	0.730711980478877	0.926090179749403	0.440111632749563	0.947123624712029	0.818058954796451	0	0.893447816740782	0.790728676095969	0.841159609513556	0.588232381606758	0.856696884689023	0.952785631494331	0.882702891072646	0.731461777467974	0.384061992732086	0.701645874730746	0.824163897884644	0.582464030923357	0.91182096761689	0.782246188746063	0.424721018432094	0.811876345052154	0.872837897989196	0.762002495767643	0.762145354850794	0.925896091346821	0.420693589331196	0.781039106055108	0.427792609626968	0.758679281343984	0.8069615487717	0.87543453596717	0.505828282428809	0.849022364810387	0.922397074145558	0.764226681566986	0.676832628111582	0.443029009575698	0.758624355885564	0.872111992556856	0.415588158352777	0.895382048735962	0.712825871285477	0.479290658865317	0.725824918047215	0.905243456682608	0.775143921187748	0.920627018685431	0.713023716010341	0.822997295968653	0.424300919134369	0.398633500961524	0.776133316087801	0.759159452165081	0.798519360405879	0.436454500601991	0.773207255366637	0.889701013849635	0.926011793343612	0.963121381813852	0.465790421891786	0.769564475427317	0.694846744918112	0.467666544556558	0.91120657649425	0.775003354607593
"AqFl2-11"	0.841154634094067	0.672200913145706	0.683993903289668	0.716270538567492	0.746779985301158	0.564018816870279	0.886471204196558	0.560732291106543	0.669483010118447	0.893447816740782	0	0.767030174742792	0.392662310652669	0.833359776193439	0.594187155275813	0.535681980011477	0.392113905843028	0.806697463296332	0.876555672668	0.745669449697366	0.769402693241181	0.864454011616092	0.410631384008258	0.770500050554692	0.889786044230524	0.611203193982673	0.60439430820075	0.797125096102569	0.810932876196777	0.397420859672061	0.870334891565229	0.660405579426054	0.835505701804258	0.618921487824838	0.752161703552652	0.525073726205162	0.789979221250563	0.578516302761007	0.43606282391816	0.780925088451406	0.83678740651068	0.835245859011341	0.666594563522389	0.618441577349991	0.858412272117017	0.585192392264394	0.882995809888818	0.850789636985258	0.541148291982437	0.545248042582127	0.823824763868431	0.434999795421565	0.796073524730709	0.591265537994335	0.886266332061411	0.883456625582276	0.546128827425631	0.7505536920572	0.568991439990045	0.847192937389028	0.80490352971588	0.49703100565505	0.654132384929899	0.684650374536223	0.855561786385217	0.718721467005779	0.666445744719225	0.896853277524307	0.575404194339677	0.747886002668987
"AqFl2-12"	0.764379240582986	0.767010948195232	0.895660438411889	0.605555000352576	0.560535262120915	0.797678673703458	0.824219053528156	0.852606961216223	0.762798447286784	0.790728676095969	0.767030174742792	0	0.772355444650883	0.794414196074666	0.616113175087234	0.834613541932209	0.789891592106185	0.604063033608033	0.786811980731237	0.711973753664204	0.828337695151351	0.807211225377164	0.769597427967358	0.560561679075071	0.803129037522562	0.735809426919791	0.758905897522616	0.591763528868609	0.576746638939381	0.78077220160355	0.787925617399894	0.743385223523957	0.755487601629296	0.76795043094633	0.617440066416085	0.679347023936837	0.725191791868701	0.781768065290614	0.773990819547967	0.557719896273479	0.61567632149185	0.773877909922793	0.769649793368697	0.769405414364352	0.773027443483783	0.786878703173949	0.616613707195607	0.757153309855957	0.694822198880605	0.79112952556319	0.648989119051728	0.776081640578781	0.578024794598891	0.762076426739646	0.786124061655861	0.779977551367665	0.750260191620612	0.589624001744861	0.792677421101052	0.781504245578578	0.562170406665627	0.74908263254602	0.927776029452491	0.888600261079299	0.793841095046436	0.776265056058414	0.760024304942499	0.808074374214936	0.822662096724447	0.585308138260749
"AqFl2-13"	0.792904226990222	0.573181958961786	0.719496051418786	0.730506964886623	0.750675147091293	0.654583972201788	0.8258335288675	0.660329548300399	0.571695921470511	0.841159609513556	0.392662310652669	0.772355444650883	0	0.759426987662999	0.669040206954327	0.585086025124123	0.498965818985367	0.795697820227613	0.824752976752143	0.660147059293489	0.591639364654991	0.789334048755248	0.49564569135996	0.77051088755193	0.833262339432842	0.493963579752125	0.620419326199851	0.782591555231267	0.787018850153582	0.525858415616383	0.815684561869943	0.556575347038054	0.785288317386433	0.432782499835985	0.745206460269243	0.542437593702098	0.715381208418928	0.51398963075329	0.561855434726533	0.754469189773587	0.794102456899209	0.783733113249682	0.556644269164173	0.450700101303584	0.808336845800623	0.675695252659689	0.868432851354671	0.803094600675129	0.513076363871136	0.664856310203425	0.825517277094389	0.57963997215957	0.762359145451542	0.517911832047605	0.838540052412705	0.843301031261814	0.424488804688819	0.768196210298104	0.38643386297927	0.782921351517066	0.793524694580992	0.545134556575191	0.713456828493184	0.72056603961661	0.803026986392351	0.544947997145471	0.553205080905682	0.846651616962747	0.593571034155473	0.753655122567799
"AqFl2-14"	0.560035984926731	0.693407536957745	0.956310669168451	0.784313317653603	0.753995559386475	0.863931071925681	0.570088715215292	0.91027205660566	0.721655003903341	0.588232381606758	0.833359776193439	0.794414196074666	0.759426987662999	0	0.767592120033895	0.889639115123458	0.826840664898428	0.769837265529937	0.56145898998002	0.606494463011917	0.664202769615274	0.472717746962134	0.821769580929853	0.739898552198933	0.556228307903343	0.675373849776601	0.799762245638273	0.784284002474983	0.778436139730386	0.83721953662168	0.538892548439177	0.671387087377404	0.584551977034587	0.672949639793221	0.72267675379405	0.796950223772535	0.592659553765057	0.749325721896311	0.848222265495723	0.731801646723479	0.685854985806194	0.563166702368603	0.609439013827947	0.784357076581047	0.584584181901716	0.819556615778071	0.716602145904863	0.627992918910443	0.628208932831594	0.805651671407939	0.717822132685541	0.836528063074	0.675422610600595	0.674675556142484	0.593687441915458	0.600924545730895	0.676200181169042	0.773356132913197	0.724178977046628	0.534740851783028	0.758009734008741	0.785905301158249	0.919538835059927	0.934571372325693	0.568031374862895	0.674298533929246	0.598953430446527	0.612907491947408	0.852699820742711	0.728485082335915
"AqFl2-15"	0.815966784012276	0.677435133617614	0.814350896643438	0.591432534473256	0.66203718036012	0.711679420337453	0.860851771729725	0.729300704886826	0.712435850510567	0.856696884689023	0.594187155275813	0.616113175087234	0.669040206954327	0.767592120033895	0	0.693431944653119	0.661845747130002	0.713468573095509	0.838434120290346	0.736299981005618	0.761308025688957	0.800432757838679	0.602046103943051	0.643799559535618	0.858995794860767	0.631442258581008	0.601845158635302	0.666957077618257	0.684840519167832	0.615224870209024	0.830122079674919	0.693239651931468	0.802492861664124	0.746741851048385	0.647164187906826	0.599365979900568	0.763599865620497	0.682149739487884	0.632669511834843	0.678033446930424	0.752781504274977	0.802936916409862	0.646239747838768	0.68065494620377	0.841434273712115	0.581110859568536	0.768565888525727	0.819004866537187	0.61898785439044	0.623356023316171	0.667762492302684	0.606153700806889	0.702016560868127	0.664961767184472	0.849061777457703	0.853855301292975	0.701897464045803	0.646862829850783	0.704775893552891	0.830764079125977	0.612420789337453	0.548194597209363	0.879652854044417	0.770565436501843	0.819447067955547	0.74824582466118	0.717795465363003	0.833011673820073	0.729287991463667	0.578640165730367
"AqFl2-16"	0.903011464415169	0.694912529403519	0.54926903269066	0.804179951355699	0.834449705676325	0.454895780583212	0.956706574189392	0.592675530120531	0.644526274618889	0.952785631494331	0.535681980011477	0.834613541932209	0.585086025124123	0.889639115123458	0.693431944653119	0	0.481430933369455	0.932437567715314	0.934841637810459	0.813808323415991	0.795960721940351	0.922968376097616	0.405779129879399	0.824437232671921	0.958420131096336	0.729266942016008	0.544995000119804	0.90360611163971	0.86969494714431	0.40571066387671	0.934272876748673	0.737922550069738	0.893205227354159	0.73655935139652	0.814188550026448	0.617663652080353	0.881821360202538	0.638389872665412	0.528579299283011	0.844683556017706	0.884251034814943	0.901356384071302	0.729176387662277	0.618153373781139	0.91548836312506	0.66460689337999	0.928616887952872	0.911119067167552	0.691192965849212	0.48504598612137	0.879138461765985	0.493959192085356	0.838259492929938	0.627579392339165	0.942505543538805	0.951501144027186	0.730833105690307	0.885580648751471	0.713673928378692	0.91928635682145	0.865952438854496	0.570200700693591	0.797187101075899	0.517985791310834	0.918787659529696	0.751848885500375	0.806778360865454	0.957931156896016	0.635477377488933	0.822926963909176
"AqFl2-17"	0.832851977298027	0.645616410637334	0.639285021815078	0.741379220141674	0.752135589196961	0.430555418759168	0.875558303952024	0.644576468556937	0.539366710808227	0.882702891072646	0.392113905843028	0.789891592106185	0.498965818985367	0.826840664898428	0.661845747130002	0.481430933369455	0	0.832125839793017	0.85021597648573	0.727319979215033	0.787117861671004	0.862710462584261	0.497009616894485	0.756131892213251	0.883342122091874	0.669394143346059	0.510343164321864	0.80754712661109	0.790593954885327	0.513522690654172	0.860687165607209	0.666624254684968	0.825512901744628	0.58664705794604	0.759330618600914	0.554892030096355	0.793007133052049	0.620894566938393	0.567223085911547	0.785498546802835	0.832407007828252	0.830123053793762	0.665468505852595	0.677603980399036	0.849316518443961	0.598858731665046	0.865650958393084	0.837519887077956	0.557729573972342	0.434453007740864	0.817625089956493	0.509748649247066	0.768480326788866	0.594757505637545	0.873056205943638	0.854732848752165	0.557368291720222	0.775054352931715	0.566606156130852	0.841970759405711	0.819032967924192	0.55250040970991	0.711661228221968	0.747014866906197	0.826537710519024	0.736182622921644	0.673959717265164	0.89239756686725	0.621207436546626	0.770819746407486
"AqFl2-18"	0.753326108251928	0.823727633070024	0.96150388361247	0.63832878693034	0.592824814762229	0.889127198557088	0.768104982878536	0.906042029162393	0.845748417902689	0.731461777467974	0.806697463296332	0.604063033608033	0.795697820227613	0.769837265529937	0.713468573095509	0.932437567715314	0.832125839793017	0	0.742644080186933	0.762123271986433	0.837197037160866	0.768420784519847	0.870663799618504	0.654141900469637	0.749151229154908	0.782118021246873	0.839476949240032	0.555149070542693	0.612386333979366	0.875148958433201	0.745873839964106	0.79141402666813	0.759406597457432	0.817556267450942	0.643474885378591	0.777172216134761	0.71034092854038	0.833473215364107	0.878809344330932	0.614183115973062	0.631711805782634	0.75634003532742	0.810173206716369	0.863802521590636	0.757301876505533	0.817676699329747	0.598701075761001	0.749346040230014	0.710632579608277	0.862786368108762	0.595966138647397	0.870724383664058	0.614116196412595	0.839292068786588	0.749966632635013	0.726297995831267	0.771450402150088	0.529641070840931	0.782418394352205	0.746396969478317	0.630706953123416	0.796821984524719	0.862498386943409	0.931547814324851	0.770508145001738	0.803165604894236	0.750476407546581	0.754676334256154	0.880032703519477	0.633922895313757
"AqFl2-19"	0.454393238525909	0.809683373740989	0.95960725035993	0.816701092989796	0.702532721132885	0.913787168722033	0.458747962207591	0.949210571944636	0.787152529340889	0.384061992732086	0.876555672668	0.786811980731237	0.824752976752143	0.56145898998002	0.838434120290346	0.934841637810459	0.85021597648573	0.742644080186933	0	0.65953942921681	0.805902440336445	0.593926945387458	0.894292417637974	0.770379401432097	0.416413038794003	0.800712946722254	0.856409530665334	0.751002349749326	0.752302107454137	0.908233175666889	0.425334217535836	0.760422299077277	0.395204134070482	0.739948778458341	0.773307364157613	0.847817307346992	0.498255489945574	0.854242259031488	0.904812054879246	0.733201517988175	0.636782487066192	0.415437797198702	0.743291847221475	0.855447494070357	0.437016908526633	0.882812413643988	0.70683801981717	0.478274724198895	0.714327896404563	0.887461657008678	0.750183763681428	0.897276809250065	0.663693717944644	0.807161669136863	0.398063047513913	0.412850837980464	0.747483793717475	0.76361361868558	0.798857998029285	0.403505290923143	0.748968536743039	0.87191527989493	0.926829392080823	0.964709575635533	0.42619711303847	0.778353915914852	0.663877062939716	0.490542043358455	0.913081267306462	0.759556487126715
"AqFl2-20"	0.648613124820706	0.577603076038009	0.871987875580322	0.709953350881569	0.711352824029493	0.789455130472232	0.690775092549753	0.82243627739873	0.566854222848897	0.701645874730746	0.745669449697366	0.711973753664204	0.660147059293489	0.606494463011917	0.736299981005618	0.813808323415991	0.727319979215033	0.762123271986433	0.65953942921681	0	0.607348352474881	0.614747169236528	0.688895130370745	0.679216427240212	0.675444160264072	0.537396902987489	0.681267776586526	0.745208148863548	0.725866321741525	0.7260954467136	0.685808119195478	0.48803989983522	0.667844942107711	0.562175818772577	0.631884054915962	0.590072293278414	0.573040624614252	0.599847127027597	0.742675831615431	0.681239308783162	0.633126029374134	0.651419196342529	0.474428382249752	0.674702607992833	0.661006425867593	0.727096799555352	0.761665662450735	0.678229369835406	0.594081330131752	0.727511868481125	0.728130971015536	0.707046424730066	0.657045319941172	0.611389750229846	0.678301493792966	0.692653200763261	0.570987922998866	0.718833369628083	0.620360453096881	0.628614405127197	0.728731224465737	0.682985116807028	0.898272536925756	0.847915620930986	0.657704633885122	0.607231290447179	0.539809220383466	0.731161871953827	0.751775363620468	0.649114814505776
"AqFl2-21"	0.803547969574553	0.574441813267068	0.920540502266681	0.833771869446638	0.838846225298597	0.817490812248191	0.802155300078191	0.878367149141672	0.655999911768379	0.824163897884644	0.769402693241181	0.828337695151351	0.591639364654991	0.664202769615274	0.761308025688957	0.795960721940351	0.787117861671004	0.837197037160866	0.805902440336445	0.607348352474881	0	0.685733964405903	0.681349670542143	0.802178217866624	0.801726926638042	0.484811840853145	0.743813530629375	0.84659664515508	0.840853965329181	0.714267529207423	0.795535082163396	0.544353706768235	0.822128019237925	0.591185614573933	0.769803214176188	0.716993665687129	0.775928542429719	0.569887954690279	0.752842660842366	0.802724121457159	0.808156467995851	0.799001619521433	0.505625823481468	0.619226067840082	0.813900819520209	0.777191669620582	0.850885260215104	0.825720146525962	0.695526030870152	0.754847080071216	0.793387549221825	0.761511319158623	0.802363643858296	0.613760485655707	0.815878111817715	0.819488880163777	0.643050504732413	0.83193100085656	0.62166279076937	0.761485585147656	0.828446859031279	0.669591738260937	0.840801880439382	0.842467175023228	0.814274094593338	0.575001424312705	0.635277238629766	0.820725338725342	0.790567483311885	0.766089136150192
"AqFl2-22"	0.604161854683709	0.716908485775217	0.961766112036543	0.793130665202231	0.758515356681866	0.894580163794836	0.540865043792268	0.906694382464198	0.746386841096989	0.582464030923357	0.864454011616092	0.807211225377164	0.789334048755248	0.472717746962134	0.800432757838679	0.922968376097616	0.862710462584261	0.768420784519847	0.593926945387458	0.614747169236528	0.685733964405903	0	0.855034442296031	0.762285785218035	0.531002265319224	0.720906360878416	0.833379038876522	0.78995426305058	0.765733861051408	0.870539272853841	0.55697013437045	0.70243885930992	0.605600845788374	0.682502414954242	0.769611567860675	0.815698886030334	0.579738875282954	0.741219047611863	0.879063919913737	0.749996008358217	0.685049128616102	0.551775996518961	0.665992413316266	0.802329944907811	0.586900836386246	0.844457562018996	0.701367193870321	0.587810887402548	0.649754230355692	0.83955078231287	0.738852758411114	0.889982429137989	0.70211095898511	0.723496718753603	0.612543729125625	0.594327152666902	0.734120496668829	0.77433769274233	0.723750097708114	0.528146952502094	0.786490952556596	0.824885715294298	0.901637203692771	0.932178062716424	0.533800800261108	0.671783968689113	0.650796882870457	0.568168782150443	0.854724028836722	0.742360098064951
"AqFl2-23"	0.859982282766589	0.574072795244769	0.613940455128054	0.715998368867449	0.794591174795948	0.445819293286954	0.914833361257206	0.460250697535547	0.562943062436261	0.91182096761689	0.410631384008258	0.769597427967358	0.49564569135996	0.821769580929853	0.602046103943051	0.405779129879399	0.497009616894485	0.870663799618504	0.894292417637974	0.688895130370745	0.681349670542143	0.855034442296031	0	0.773410523389071	0.916149903992873	0.55736027991686	0.529382969882125	0.845398729265931	0.80237830849968	0.194389028914238	0.890362028432412	0.55371829233457	0.855353922322864	0.646010676209984	0.713729700473501	0.478847865916763	0.812004384600602	0.384630670911276	0.329825584359407	0.775402804650749	0.823005723850036	0.857558490526958	0.556756523446568	0.520741902815695	0.876012393547795	0.535882079136081	0.885927554664294	0.869458556803289	0.62212881020115	0.516267418604109	0.823204286787957	0.365918709816779	0.776490124952553	0.506386001244538	0.904269893041222	0.909631251492334	0.59706696275482	0.82261486335548	0.600888116922523	0.869351768288846	0.804819540577658	0.376968911839902	0.811878129289462	0.602412189923766	0.874471899017202	0.661078753083335	0.692382169806099	0.918521070472728	0.429586284808003	0.747446385891427
"AqFl2-24"	0.738878894981074	0.725104072211924	0.887126800984106	0.647515286701877	0.557366186725446	0.805120767008822	0.806105444766407	0.863385281491068	0.743131993832757	0.782246188746063	0.770500050554692	0.560561679075071	0.77051088755193	0.739898552198933	0.643799559535618	0.824437232671921	0.756131892213251	0.654141900469637	0.770379401432097	0.679216427240212	0.802178217866624	0.762285785218035	0.773410523389071	0	0.783496837970212	0.720523205271497	0.738632917575936	0.600003061545981	0.613579758408189	0.760758050260259	0.763431474448882	0.70881813252256	0.754991891555333	0.780237000966811	0.606796165786015	0.694157104638048	0.750497507701616	0.779169545131056	0.780296693293619	0.582549752670462	0.611028956335452	0.767075968348019	0.726924521325181	0.79879986237759	0.756542745246095	0.753278660380014	0.642456864259909	0.770804236568351	0.652306651931444	0.74952167518176	0.560774570477804	0.765771719618814	0.57772571334855	0.71892501128243	0.766766667642386	0.76552430921161	0.733290726995557	0.590332376741891	0.78623949935674	0.752965972594155	0.588969224490127	0.715786330101364	0.920544446589344	0.874620882406498	0.758867104252588	0.797233496126942	0.73251769190834	0.790194610377488	0.809165080056643	0.560284828789065
"AqFl2-25"	0.474836770530204	0.82178583799132	0.971475973962103	0.806365630652442	0.729141566502698	0.926196363557304	0.428936815606006	0.941657034555022	0.81684787211759	0.424721018432094	0.889786044230524	0.803129037522562	0.833262339432842	0.556228307903343	0.858995794860767	0.958420131096336	0.883342122091874	0.749151229154908	0.416413038794003	0.675444160264072	0.801726926638042	0.531002265319224	0.916149903992873	0.783496837970212	0	0.804592230619458	0.858020509626934	0.754665186215112	0.772660674758078	0.925711525931342	0.428411556268901	0.789267918279185	0.436444477298607	0.747425465707426	0.797596236149277	0.862107057517438	0.470574554827286	0.846439245251062	0.918078975608833	0.759594853030526	0.698702692980919	0.474188127942096	0.757403561966092	0.85441041500025	0.440844271689032	0.898171271006393	0.708215663466296	0.494034254977746	0.708181557013939	0.903386966624863	0.762420830045733	0.918725414150286	0.705800616286175	0.811133528541075	0.452557783214074	0.415731555878951	0.756240968049959	0.740470318245774	0.792281311770132	0.474164650436223	0.767769975582142	0.888265426875539	0.925194149056867	0.966557606928094	0.431483456532578	0.776204513851837	0.676986385065237	0.435971499757008	0.90959279214658	0.777727206705519
"AqFl2-26"	0.758822268838556	0.432927279118678	0.832458096358505	0.725549537618857	0.784950583916295	0.647459644302922	0.791098860675291	0.720046494469668	0.554569794298815	0.811876345052154	0.611203193982673	0.735809426919791	0.493963579752125	0.675373849776601	0.631442258581008	0.729266942016008	0.669394143346059	0.782118021246873	0.800712946722254	0.537396902987489	0.484811840853145	0.720906360878416	0.55736027991686	0.720523205271497	0.804592230619458	0	0.627415171327841	0.758340567004358	0.775929371603063	0.585903309963654	0.783159665263672	0.438268824797984	0.779076038205593	0.577160915111884	0.699835166084997	0.613559395838707	0.72136216182046	0.463277354032758	0.600719189130025	0.701454739979059	0.747474604372461	0.751314167795578	0.420875349243245	0.524751675230114	0.773156927010109	0.660099042323782	0.823135361454743	0.782777839716797	0.606491228747329	0.63439706802479	0.772607370318499	0.614313249783028	0.730405724078924	0.473428272470733	0.809190224267438	0.804923881417345	0.560629925950132	0.765510423699007	0.570071954610695	0.739035361125288	0.753205176975045	0.526192454418903	0.887287505745191	0.769847277246292	0.771384004091083	0.568480181010786	0.563408172576753	0.815993718264821	0.678505464249245	0.687242922781281
"AqFl2-27"	0.831348500256069	0.620377366843448	0.726041939506654	0.699296702053804	0.735394555878589	0.501032446649685	0.879462393435064	0.628724169916374	0.511213139632919	0.872837897989196	0.60439430820075	0.758905897522616	0.620419326199851	0.799762245638273	0.601845158635302	0.544995000119804	0.510343164321864	0.839476949240032	0.856409530665334	0.681267776586526	0.743813530629375	0.833379038876522	0.529382969882125	0.738632917575936	0.858020509626934	0.627415171327841	0	0.795747684806504	0.791911010962931	0.488557238769877	0.851560306921762	0.659702686845294	0.811061852811958	0.671150368059647	0.708728565903794	0.552171206353895	0.778365112755144	0.617973536038569	0.531320838210021	0.751454327724948	0.787306739084886	0.834489675307644	0.634935136870918	0.641488279331477	0.848472885489961	0.625392105167198	0.848114320532362	0.827318722646343	0.597283937222922	0.57354664684721	0.753950285283549	0.555846261086377	0.727842004697888	0.55696590564267	0.864656633177688	0.866468386179633	0.627066114729989	0.779566796850233	0.688153861335016	0.846233824363815	0.770520678421601	0.58019231173759	0.893577810938948	0.785147518832304	0.842226410593652	0.710195489204968	0.694810342484496	0.879827345410864	0.590722431595	0.733151100871099
"AqFl2-28"	0.741284299893779	0.796012156709188	0.921105224482252	0.605261859428133	0.584494727046474	0.865525203255434	0.766450397525531	0.880528140515807	0.824551834452122	0.762002495767643	0.797125096102569	0.591763528868609	0.782591555231267	0.784284002474983	0.666957077618257	0.90360611163971	0.80754712661109	0.555149070542693	0.751002349749326	0.745208148863548	0.84659664515508	0.78995426305058	0.845398729265931	0.600003061545981	0.754665186215112	0.758340567004358	0.795747684806504	0	0.575828490984623	0.847262752381548	0.774623030775406	0.76512212310824	0.739525163871132	0.769845143323316	0.659396625236052	0.771041637346687	0.689713912259011	0.802369396285719	0.841834556816834	0.605984417025137	0.653866384511168	0.756049489362056	0.790107343642614	0.834743433418859	0.753602632677186	0.803117979856114	0.621812020693182	0.72165903877772	0.689644406801002	0.847274076986146	0.625194339145229	0.840379929463324	0.609753987497738	0.80414125935918	0.760834053887151	0.748173437454137	0.764196446138728	0.53221779618626	0.753082274374211	0.772584661098141	0.57104868769391	0.80107426362746	0.893742370169097	0.90113366476309	0.742441310149721	0.783889406209024	0.723179103129814	0.733257334120371	0.830389269758362	0.570416284069015
"AqFl2-29"	0.748676126467053	0.799760738480737	0.855149584776189	0.561855913025363	0.530336608171134	0.841780087298704	0.790675123956194	0.852676826882858	0.764102418216871	0.762145354850794	0.810932876196777	0.576746638939381	0.787018850153582	0.778436139730386	0.684840519167832	0.86969494714431	0.790593954885327	0.612386333979366	0.752302107454137	0.725866321741525	0.840853965329181	0.765733861051408	0.80237830849968	0.613579758408189	0.772660674758078	0.775929371603063	0.791911010962931	0.575828490984623	0	0.813157135773961	0.778244192819885	0.771037740639653	0.726759464429593	0.782380845799703	0.53288732928011	0.705309080932795	0.683802509521527	0.752268003889896	0.813401497372255	0.541700591928999	0.597698165273234	0.759967129742694	0.754341646153775	0.799868686230833	0.754206470207594	0.775599223324028	0.616619818774157	0.717616943092992	0.715529137357661	0.838021718891008	0.661821906145505	0.802976915892026	0.525354338450523	0.775939167232089	0.767007334279289	0.755004961453367	0.735364506779597	0.580970218800228	0.73705728829891	0.769419091448463	0.571663448962578	0.777994191430588	0.924115998157731	0.90097977504329	0.747037731923429	0.724689490084244	0.716837126408572	0.75481935786784	0.775695802283958	0.591115551819222
"AqFl2-30"	0.875084619754109	0.603794285865786	0.549400617193382	0.702347147387029	0.794745638283454	0.420407460994854	0.924774516725671	0.433728788298612	0.622604810726179	0.925896091346821	0.397420859672061	0.78077220160355	0.525858415616383	0.83721953662168	0.615224870209024	0.40571066387671	0.513522690654172	0.875148958433201	0.908233175666889	0.7260954467136	0.714267529207423	0.870539272853841	0.194389028914238	0.760758050260259	0.925711525931342	0.585903309963654	0.488557238769877	0.847262752381548	0.813157135773961	0	0.905471152864804	0.612040114949285	0.866813297883411	0.673597662660979	0.737297804068555	0.47310324540828	0.832422542606821	0.456199433797341	0.279672771993427	0.786354057036844	0.84068188315186	0.872647271978411	0.611166010794037	0.552244739666511	0.888817842625026	0.548556462117842	0.89738326976757	0.883953178043064	0.615268039761709	0.50669525082009	0.829093988880308	0.364054349712346	0.79949571780406	0.525832754517098	0.917403915564032	0.924021312177912	0.60275119657934	0.820626122344838	0.653223316347505	0.886827782681712	0.819380562228228	0.406857370124316	0.80434826751841	0.581064438676288	0.890004024421554	0.686112743543499	0.715322042097261	0.930280427818989	0.423691999226751	0.744172097207364
"AqFl2-31"	0.405906690651878	0.795008272939424	0.972745890738931	0.819161427008412	0.711688027224852	0.908813027448197	0.475859238372379	0.944813650391883	0.779780185449753	0.420693589331196	0.870334891565229	0.787925617399894	0.815684561869943	0.538892548439177	0.830122079674919	0.934272876748673	0.860687165607209	0.745873839964106	0.425334217535836	0.685808119195478	0.795535082163396	0.55697013437045	0.890362028432412	0.763431474448882	0.428411556268901	0.783159665263672	0.851560306921762	0.774623030775406	0.778244192819885	0.905471152864804	0	0.751221184895945	0.417134979622728	0.723617065888013	0.801446816522492	0.873742586848574	0.538696652165446	0.845245980076923	0.896500243863917	0.749290216106523	0.661292771617227	0.406792132030637	0.719875128854407	0.838371259228046	0.398563269761155	0.895802223461852	0.728205975201271	0.507299189751149	0.699679732194405	0.883038524894099	0.747842583876872	0.895103475107025	0.68001573261572	0.791342553859705	0.437972075560739	0.430828471052322	0.742716431645795	0.754491794505875	0.794699153018162	0.42018462009911	0.765098455072429	0.864935171440412	0.927569062841355	0.966648768617096	0.417429905450454	0.767942940352049	0.648517614912696	0.432627161404726	0.912284346182406	0.772932196884368
"AqFl2-32"	0.741430328851015	0.465956821460583	0.850149842380935	0.719586929515258	0.776408657424851	0.715799756719095	0.802912267648149	0.750599159960581	0.531077328538627	0.781039106055108	0.660405579426054	0.743385223523957	0.556575347038054	0.671387087377404	0.693239651931468	0.737922550069738	0.666624254684968	0.79141402666813	0.760422299077277	0.48803989983522	0.544353706768235	0.70243885930992	0.55371829233457	0.70881813252256	0.789267918279185	0.438268824797984	0.659702686845294	0.76512212310824	0.771037740639653	0.612040114949285	0.751221184895945	0	0.757344247109118	0.577463367057879	0.651946528124877	0.548206345721922	0.692641851378471	0.487957432845629	0.650133943560922	0.712840388103978	0.719549438469874	0.734515363278264	0.428976991888439	0.614047568854496	0.741433143746913	0.690469354207787	0.824499422560317	0.788823630759234	0.612734464209193	0.656610597365873	0.744911592129285	0.667215362031136	0.714233171294636	0.560609625627673	0.778391467617386	0.777768830937023	0.566366356547136	0.747887870326126	0.590056179881539	0.71336149053147	0.747276263891675	0.565513301680583	0.867566485641908	0.778766955255207	0.747414498434986	0.607940145190756	0.57543414991787	0.801562047925737	0.679743397341305	0.66627807789483
"AqFl2-33"	0.423013066985796	0.798587721740773	0.923655929976176	0.772502702519356	0.656465516951294	0.869309524193934	0.487337812779666	0.902608161354181	0.766631798775366	0.427792609626968	0.835505701804258	0.755487601629296	0.785288317386433	0.584551977034587	0.802492861664124	0.893205227354159	0.825512901744628	0.759406597457432	0.395204134070482	0.667844942107711	0.822128019237925	0.605600845788374	0.855353922322864	0.754991891555333	0.436444477298607	0.779076038205593	0.811061852811958	0.739525163871132	0.726759464429593	0.866813297883411	0.417134979622728	0.757344247109118	0	0.698616300803023	0.757493705730953	0.801177525437985	0.471857115772687	0.813447375931701	0.857161241913219	0.708145974793857	0.608144940500552	0.408452723472645	0.728267999336442	0.806561625374104	0.379203623683231	0.858611176166132	0.716208614646081	0.423023110200303	0.676193270880305	0.872537208623483	0.775583551983301	0.852461062631728	0.645598926838901	0.764929955916984	0.412198233432388	0.438683992445392	0.724918384709807	0.732926525460152	0.763089887125583	0.439904811591415	0.698324194777542	0.842446262766376	0.937842635740298	0.943458464917051	0.42085897714697	0.748475509031632	0.652499261852958	0.473271066356149	0.873092519318654	0.741994955622795
"AqFl2-34"	0.721637321472691	0.607946254999813	0.805715991984139	0.762140552234794	0.720709263857078	0.678497680632379	0.739272121124504	0.764724451486275	0.602694105963055	0.758679281343984	0.618921487824838	0.76795043094633	0.432782499835985	0.672949639793221	0.746741851048385	0.73655935139652	0.58664705794604	0.817556267450942	0.739948778458341	0.562175818772577	0.591185614573933	0.682502414954242	0.646010676209984	0.780237000966811	0.747425465707426	0.577160915111884	0.671150368059647	0.769845143323316	0.782380845799703	0.673597662660979	0.723617065888013	0.577463367057879	0.698616300803023	0	0.752577727902783	0.664644637723987	0.629748740516266	0.54997037508028	0.655766552996185	0.727938579281314	0.748253395204731	0.693970881327565	0.525541726133441	0.53702787297793	0.726043926140149	0.766922303449602	0.847991835613466	0.716528551188985	0.502843636817956	0.672207095846186	0.822347939491814	0.707195790581553	0.717547807565983	0.571352911313004	0.751093726212254	0.733051552045781	0.509458579681496	0.778497351942246	0.458167521501465	0.685427673194641	0.789313499553063	0.686828964500664	0.82706916722667	0.836871770895469	0.71208175188079	0.462536623804998	0.506671534363415	0.76681312894375	0.725139365980892	0.76111755329465
"AqFl2-35"	0.738279037243802	0.701431061227047	0.893903973244807	0.543962526487116	0.620237768598938	0.79541907518022	0.827337878185778	0.837972682245721	0.728380941330903	0.8069615487717	0.752161703552652	0.617440066416085	0.745206460269243	0.72267675379405	0.647164187906826	0.814188550026448	0.759330618600914	0.643474885378591	0.773307364157613	0.631884054915962	0.769803214176188	0.769611567860675	0.713729700473501	0.606796165786015	0.797596236149277	0.699835166084997	0.708728565903794	0.659396625236052	0.53288732928011	0.737297804068555	0.801446816522492	0.651946528124877	0.757493705730953	0.752577727902783	0	0.628633960132744	0.715447686763272	0.737653824144426	0.743030149715149	0.588287009500125	0.59663528074897	0.7753051976221	0.701188709526417	0.745950081402246	0.758089123490392	0.684994448455728	0.669776761316378	0.765668187519272	0.680058416273046	0.723853110807547	0.57857175666603	0.738706969334432	0.579347911095434	0.706589954618152	0.781459995655415	0.779070936614779	0.666010272316091	0.586703027607007	0.762917093486737	0.754727093067074	0.585556895961876	0.65579954916611	0.884971863201237	0.849850933789887	0.78185862571202	0.748565488893734	0.687967525594674	0.82172357663408	0.779803461516637	0.557981371518519
"AqFl2-36"	0.843740281649564	0.617888941263806	0.7011509376183	0.625107982883063	0.717072406953926	0.603711438822962	0.860948985938133	0.640934380978093	0.584788818826169	0.87543453596717	0.525073726205162	0.679347023936837	0.542437593702098	0.796950223772535	0.599365979900568	0.617663652080353	0.554892030096355	0.777172216134761	0.847817307346992	0.590072293278414	0.716993665687129	0.815698886030334	0.478847865916763	0.694157104638048	0.862107057517438	0.613559395838707	0.552171206353895	0.771041637346687	0.705309080932795	0.47310324540828	0.873742586848574	0.548206345721922	0.801177525437985	0.664644637723987	0.628633960132744	0	0.742995565376704	0.529037892751091	0.511250191408192	0.67330752561754	0.741814452695181	0.830746377971861	0.609360041279738	0.556381838152199	0.848303138875612	0.586825123692652	0.776924308157789	0.820474742788735	0.566574153424089	0.616177356912212	0.747820025145285	0.444437232937013	0.703271067246552	0.554042495959807	0.858153651470381	0.858533979856244	0.558746268862752	0.733170563660907	0.634723502679776	0.836761389352556	0.718238819564085	0.477130260466549	0.819067793925397	0.745896309328655	0.848633644621383	0.682934057616662	0.671068968957608	0.882303451215767	0.58760129149725	0.632668836318896
"AqFl2-37"	0.509131433593207	0.75257270836677	0.897225431421065	0.699049407339308	0.662769566461719	0.859545481808302	0.488732890488555	0.859756128148292	0.721523923373811	0.505828282428809	0.789979221250563	0.725191791868701	0.715381208418928	0.592659553765057	0.763599865620497	0.881821360202538	0.793007133052049	0.71034092854038	0.498255489945574	0.573040624614252	0.775928542429719	0.579738875282954	0.812004384600602	0.750497507701616	0.470574554827286	0.72136216182046	0.778365112755144	0.689713912259011	0.683802509521527	0.832422542606821	0.538696652165446	0.692641851378471	0.471857115772687	0.629748740516266	0.715447686763272	0.742995565376704	0	0.722533828704285	0.834879393572442	0.671628973510927	0.618238940532797	0.507958286518662	0.646929231947974	0.763078080700274	0.531911339573423	0.809975926643078	0.742077332784336	0.511718759495847	0.615238214705163	0.855359330438736	0.756187290769396	0.829323787599848	0.652393928964751	0.742537196450823	0.536951599090612	0.476097678584199	0.684934100610375	0.6790592735183	0.657254794639886	0.533785972983832	0.724142555825336	0.807388943029501	0.903058655614176	0.910577512878974	0.507886395773086	0.669866095077966	0.584022698244902	0.553973685550249	0.81525176036566	0.697159732205707
"AqFl2-38"	0.816231655621067	0.517819687780509	0.685958315937893	0.702819154677234	0.802133757510381	0.629612857556843	0.842270928417407	0.55504807960007	0.52824531878555	0.849022364810387	0.578516302761007	0.781768065290614	0.51398963075329	0.749325721896311	0.682149739487884	0.638389872665412	0.620894566938393	0.833473215364107	0.854242259031488	0.599847127027597	0.569887954690279	0.741219047611863	0.384630670911276	0.779169545131056	0.846439245251062	0.463277354032758	0.617973536038569	0.802369396285719	0.752268003889896	0.456199433797341	0.845245980076923	0.487957432845629	0.813447375931701	0.54997037508028	0.737653824144426	0.529037892751091	0.722533828704285	0	0.524069986692245	0.753125294855272	0.79370413470443	0.815222915420235	0.47869026912553	0.499273610251025	0.836823992259208	0.548114422327631	0.854614177461089	0.804033891314231	0.595066062647876	0.656133512534545	0.837392592114481	0.553316907646809	0.748319085281378	0.506144383265754	0.863764598183643	0.842041091827457	0.556050889869229	0.782688895251485	0.41731065903883	0.819657209344543	0.81033625190328	0.520549759345311	0.842383481354877	0.683595249623232	0.804717784764883	0.484987553964647	0.611813201480681	0.851756993235691	0.50639071182954	0.748123762483036
"AqFl2-39"	0.876362850817692	0.64298817346694	0.604597231492445	0.712710813572413	0.792428776443697	0.423897340849249	0.916836642993494	0.449464951843617	0.645787990583981	0.922397074145558	0.43606282391816	0.773990819547967	0.561855434726533	0.848222265495723	0.632669511834843	0.528579299283011	0.567223085911547	0.878809344330932	0.904812054879246	0.742675831615431	0.752842660842366	0.879063919913737	0.329825584359407	0.780296693293619	0.918078975608833	0.600719189130025	0.531320838210021	0.841834556816834	0.813401497372255	0.279672771993427	0.896500243863917	0.650133943560922	0.857161241913219	0.655766552996185	0.743030149715149	0.511250191408192	0.834879393572442	0.524069986692245	0	0.781123844352925	0.840615320550544	0.867516946749143	0.636193311671629	0.498621867887027	0.879370074914947	0.566887901055412	0.895445010355076	0.880791637913409	0.639747314011083	0.527718633676389	0.835906005065648	0.382577375334298	0.800091170976215	0.521218746748077	0.909640278715169	0.914542982436957	0.624838416563491	0.829939689794901	0.681186722221448	0.883039057589379	0.812762042423944	0.420517785080919	0.882622669659286	0.704167539946872	0.884728055623457	0.695072093745204	0.729563338645254	0.921842999252015	0.558496209773344	0.759939094685421
"AqFl2-40"	0.730119711773906	0.741096539879455	0.878034278211292	0.603064003480036	0.589383066901319	0.802123059429841	0.767275596281321	0.853110628373399	0.748724622874792	0.764226681566986	0.780925088451406	0.557719896273479	0.754469189773587	0.731801646723479	0.678033446930424	0.844683556017706	0.785498546802835	0.614183115973062	0.733201517988175	0.681239308783162	0.802724121457159	0.749996008358217	0.775402804650749	0.582549752670462	0.759594853030526	0.701454739979059	0.751454327724948	0.605984417025137	0.541700591928999	0.786354057036844	0.749290216106523	0.712840388103978	0.708145974793857	0.727938579281314	0.588287009500125	0.67330752561754	0.671628973510927	0.753125294855272	0.781123844352925	0	0.533746602787665	0.737150286129555	0.715682569582996	0.749211694662402	0.741323521548542	0.772989694951374	0.583275058663529	0.715422336580435	0.679909085803872	0.813892510243445	0.596471299485222	0.764681988898268	0.49361427796539	0.730159038165518	0.755488492444832	0.741602601401816	0.716968852022369	0.613170674699416	0.723031235394282	0.757439728734204	0.528694642283636	0.764186911093856	0.931512645259608	0.90898176661499	0.752971136478137	0.740286213818823	0.703537667924973	0.773915940992393	0.807751444436601	0.52012675439999
"AqFl2-42"	0.601079778896832	0.779177431819579	0.916493943111935	0.676547786320063	0.587565030336948	0.855757907494237	0.71457488287935	0.890661469550475	0.743555546517551	0.676832628111582	0.83678740651068	0.61567632149185	0.794102456899209	0.685854985806194	0.752781504274977	0.884251034814943	0.832407007828252	0.631711805782634	0.636782487066192	0.633126029374134	0.808156467995851	0.685049128616102	0.823005723850036	0.611028956335452	0.698702692980919	0.747474604372461	0.787306739084886	0.653866384511168	0.597698165273234	0.84068188315186	0.661292771617227	0.719549438469874	0.608144940500552	0.748253395204731	0.59663528074897	0.741814452695181	0.618238940532797	0.79370413470443	0.840615320550544	0.533746602787665	0	0.622830986335041	0.73033830180372	0.803567997349045	0.622631996149795	0.818810787427378	0.618016117699458	0.629382971807062	0.711774586211754	0.844955115691988	0.664742194790044	0.830021653425331	0.507775909813972	0.769612145710075	0.654001721948281	0.663024149123055	0.721543227796416	0.586969376213502	0.763619004167858	0.631459387498612	0.557884993039324	0.798535119576476	0.939725052682687	0.923424634633898	0.659581135457169	0.738074977104986	0.705992187682776	0.698894136455895	0.849566384706035	0.640114466380001
"AqFl2-43"	0.408223397962584	0.765344008032349	0.944353120629433	0.808334079990372	0.699538459525924	0.880186605171652	0.501638913444744	0.916724225028324	0.766329748918101	0.443029009575698	0.835245859011341	0.773877909922793	0.783733113249682	0.563166702368603	0.802936916409862	0.901356384071302	0.830123053793762	0.75634003532742	0.415437797198702	0.651419196342529	0.799001619521433	0.551775996518961	0.857558490526958	0.767075968348019	0.474188127942096	0.751314167795578	0.834489675307644	0.756049489362056	0.759967129742694	0.872647271978411	0.406792132030637	0.734515363278264	0.408452723472645	0.693970881327565	0.7753051976221	0.830746377971861	0.507958286518662	0.815222915420235	0.867516946749143	0.737150286129555	0.622830986335041	0	0.698790464620418	0.81937628743414	0.358901691694284	0.86509442390883	0.745373206684308	0.452392003004175	0.681989055913001	0.853956324289064	0.782804364911043	0.868185153591357	0.666762582092275	0.765239698985493	0.477214551284909	0.459505287378419	0.716525745210823	0.738435869945889	0.763578458475069	0.423700766420098	0.759932921182383	0.826047422557258	0.9179850612642	0.932009709836041	0.415324562346652	0.733718081907528	0.661170227059231	0.443296447219938	0.880731910726866	0.764305670335324
"AqFl2-44"	0.710569371095844	0.477845007141047	0.821471762871768	0.743959406206402	0.765471487223583	0.709240853297387	0.74842982961786	0.740843462971892	0.520758028183781	0.758624355885564	0.666594563522389	0.769649793368697	0.556644269164173	0.609439013827947	0.646239747838768	0.729176387662277	0.665468505852595	0.810173206716369	0.743291847221475	0.474428382249752	0.505625823481468	0.665992413316266	0.556756523446568	0.726924521325181	0.757403561966092	0.420875349243245	0.634935136870918	0.790107343642614	0.754341646153775	0.611166010794037	0.719875128854407	0.428976991888439	0.728267999336442	0.525541726133441	0.701188709526417	0.609360041279738	0.646929231947974	0.47869026912553	0.636193311671629	0.715682569582996	0.73033830180372	0.698790464620418	0	0.588964291277924	0.724285521466357	0.633939530441421	0.815514205545253	0.751066375066588	0.571130875765029	0.654342603934379	0.76887584223991	0.633117436379731	0.703346859220017	0.518705819076578	0.760459026436576	0.759663395318495	0.569541645933679	0.770960704063057	0.547952826192863	0.712854628993092	0.773071269951772	0.544383699236765	0.894039221888279	0.799937905900629	0.708995828539526	0.535496525921441	0.498253056553262	0.781483333818392	0.674287820143951	0.700118263293915
"AqFl2-45"	0.818921705417894	0.597374241160139	0.685583281669231	0.743082626603516	0.804254684360982	0.597918753110685	0.852358378603201	0.641799935148879	0.600082022027944	0.872111992556856	0.618441577349991	0.769405414364352	0.450700101303584	0.784357076581047	0.68065494620377	0.618153373781139	0.677603980399036	0.863802521590636	0.855447494070357	0.674702607992833	0.619226067840082	0.802329944907811	0.520741902815695	0.79879986237759	0.85441041500025	0.524751675230114	0.641488279331477	0.834743433418859	0.799868686230833	0.552244739666511	0.838371259228046	0.614047568854496	0.806561625374104	0.53702787297793	0.745950081402246	0.556381838152199	0.763078080700274	0.499273610251025	0.498621867887027	0.749211694662402	0.803567997349045	0.81937628743414	0.588964291277924	0	0.832241228784181	0.701039847358282	0.867484875043459	0.83265179702446	0.638742478992085	0.663797304890045	0.848642438060826	0.585431353021241	0.766677337238413	0.511333897684063	0.859598228084008	0.868777583212559	0.585579729036197	0.839162199404107	0.560256828873954	0.821792878635185	0.786506829995492	0.575949335666948	0.903424222230133	0.767307124512351	0.832125176324968	0.561709496097333	0.65692773573552	0.867808028842905	0.637646194458495	0.767401707248158
"AqFl2-46"	0.406203527595657	0.79334682794578	0.949256885042531	0.792598629097467	0.698506076277429	0.885807543480536	0.469104194834566	0.924108693297451	0.780709342852462	0.415588158352777	0.858412272117017	0.773027443483783	0.808336845800623	0.584584181901716	0.841434273712115	0.91548836312506	0.849316518443961	0.757301876505533	0.437016908526633	0.661006425867593	0.813900819520209	0.586900836386246	0.876012393547795	0.756542745246095	0.440844271689032	0.773156927010109	0.848472885489961	0.753602632677186	0.754206470207594	0.888817842625026	0.398563269761155	0.741433143746913	0.379203623683231	0.726043926140149	0.758089123490392	0.848303138875612	0.531911339573423	0.836823992259208	0.879370074914947	0.741323521548542	0.622631996149795	0.358901691694284	0.724285521466357	0.832241228784181	0	0.872903551582131	0.750824589855909	0.466343448986879	0.715823238985583	0.868590808298481	0.777770011140295	0.880530812534669	0.672925466710375	0.786008615871905	0.4152760170075	0.477527148808356	0.748607227904549	0.730272948346776	0.790491147598954	0.416306525303385	0.736652312051689	0.851054218075639	0.937262638239239	0.942923903560815	0.404865175957088	0.764815760124595	0.671379543140817	0.454581391630991	0.895567031988618	0.759405163457026
"AqFl2-47"	0.84999438014488	0.687281401681231	0.664500744229197	0.686765428025489	0.807290654265764	0.689695462103691	0.880523613679165	0.58481734049252	0.692846814054439	0.895382048735962	0.585192392264394	0.786878703173949	0.675695252659689	0.819556615778071	0.581110859568536	0.66460689337999	0.598858731665046	0.817676699329747	0.882812413643988	0.727096799555352	0.777191669620582	0.844457562018996	0.535882079136081	0.753278660380014	0.898171271006393	0.660099042323782	0.625392105167198	0.803117979856114	0.775599223324028	0.548556462117842	0.895802223461852	0.690469354207787	0.858611176166132	0.766922303449602	0.684994448455728	0.586825123692652	0.809975926643078	0.548114422327631	0.566887901055412	0.772989694951374	0.818810787427378	0.86509442390883	0.633939530441421	0.701039847358282	0.872903551582131	0	0.827964375353847	0.850486300611818	0.694836491527922	0.593567010976406	0.82177895205033	0.456048185777136	0.799666212064582	0.664196841618649	0.892837405105196	0.892951138191217	0.691669748829848	0.772607632674259	0.627663989644916	0.874992861187061	0.774850150085315	0.44008462959711	0.815695388393676	0.625271070647221	0.836877367724838	0.70948503534476	0.717468518448134	0.908589906347565	0.587058261557732	0.738529785241817
"AqFl2-48"	0.744938012005625	0.827007420041277	0.953108769845503	0.663879746347609	0.601657885274497	0.895837127528724	0.738173588099028	0.928293992761174	0.80776791195175	0.712825871285477	0.882995809888818	0.616613707195607	0.868432851354671	0.716602145904863	0.768565888525727	0.928616887952872	0.865650958393084	0.598701075761001	0.70683801981717	0.761665662450735	0.850885260215104	0.701367193870321	0.885927554664294	0.642456864259909	0.708215663466296	0.823135361454743	0.848114320532362	0.621812020693182	0.616619818774157	0.89738326976757	0.728205975201271	0.824499422560317	0.716208614646081	0.847991835613466	0.669776761316378	0.776924308157789	0.742077332784336	0.854614177461089	0.895445010355076	0.583275058663529	0.618016117699458	0.745373206684308	0.815514205545253	0.867484875043459	0.750824589855909	0.827964375353847	0	0.719581360259633	0.736186478376021	0.857797774333515	0.612931967117881	0.874151572436543	0.567466109089361	0.81805634299051	0.722793671168352	0.709088864890945	0.787483751908187	0.609906466088957	0.83622971302688	0.717673072341235	0.618658999323972	0.831908796295984	0.917106460256841	0.942649361697311	0.728966175646631	0.828585234356582	0.799197985553008	0.757774578600406	0.884604111818747	0.637741917009765
"AqFl2-49"	0.462169167035745	0.79861214474469	0.928125132999495	0.776111210084637	0.686771908738839	0.885823909142062	0.528716797003779	0.905045430944065	0.769886209698438	0.479290658865317	0.850789636985258	0.757153309855957	0.803094600675129	0.627992918910443	0.819004866537187	0.911119067167552	0.837519887077956	0.749346040230014	0.478274724198895	0.678229369835406	0.825720146525962	0.587810887402548	0.869458556803289	0.770804236568351	0.494034254977746	0.782777839716797	0.827318722646343	0.72165903877772	0.717616943092992	0.883953178043064	0.507299189751149	0.788823630759234	0.423023110200303	0.716528551188985	0.765668187519272	0.820474742788735	0.511718759495847	0.804033891314231	0.880791637913409	0.715422336580435	0.629382971807062	0.452392003004175	0.751066375066588	0.83265179702446	0.466343448986879	0.850486300611818	0.719581360259633	0	0.673822683628069	0.880414637235199	0.786816920422191	0.875881422716067	0.676007523510352	0.787622685003931	0.521858571524623	0.495992760252425	0.736715530034068	0.724989151100668	0.74920076027322	0.465858039152297	0.737691420738093	0.857729295839654	0.918654304383468	0.933551018324517	0.433420356055238	0.729718085482613	0.668045095409747	0.50528514921575	0.868481701693205	0.755882955575779
"AqFl2-50"	0.676804581012237	0.584939229951824	0.81748566202809	0.65623170256239	0.625913803290785	0.682038439819283	0.709463342875673	0.749043239033001	0.62717918778447	0.725824918047215	0.541148291982437	0.694822198880605	0.513076363871136	0.628208932831594	0.61898785439044	0.691192965849212	0.557729573972342	0.710632579608277	0.714327896404563	0.594081330131752	0.695526030870152	0.649754230355692	0.62212881020115	0.652306651931444	0.708181557013939	0.606491228747329	0.597283937222922	0.689644406801002	0.715529137357661	0.615268039761709	0.699679732194405	0.612734464209193	0.676193270880305	0.502843636817956	0.680058416273046	0.566574153424089	0.615238214705163	0.595066062647876	0.639747314011083	0.679909085803872	0.711774586211754	0.681989055913001	0.571130875765029	0.638742478992085	0.715823238985583	0.694836491527922	0.736186478376021	0.673822683628069	0	0.653265837577752	0.697732540588388	0.655466992968231	0.66976246656258	0.479721767827767	0.735526840081281	0.715647682460393	0.524776294960033	0.677471030777144	0.564263802594485	0.656673150911906	0.712827063720017	0.611039029194131	0.816829961562311	0.825811058706011	0.702254727765693	0.624244669570113	0.511946620188618	0.741367081175431	0.71587426701905	0.650683761385248
"AqFl2-51"	0.851264651890196	0.606084980988983	0.78377256871466	0.774175979562143	0.801515248291478	0.393025916734125	0.901591314324481	0.652827019483752	0.646441628985902	0.905243456682608	0.545248042582127	0.79112952556319	0.664856310203425	0.805651671407939	0.623356023316171	0.48504598612137	0.434453007740864	0.862786368108762	0.887461657008678	0.727511868481125	0.754847080071216	0.83955078231287	0.516267418604109	0.74952167518176	0.903386966624863	0.63439706802479	0.57354664684721	0.847274076986146	0.838021718891008	0.50669525082009	0.883038524894099	0.656610597365873	0.872537208623483	0.672207095846186	0.723853110807547	0.616177356912212	0.855359330438736	0.656133512534545	0.527718633676389	0.813892510243445	0.844955115691988	0.853956324289064	0.654342603934379	0.663797304890045	0.868590808298481	0.593567010976406	0.857797774333515	0.880414637235199	0.653265837577752	0	0.793330371580069	0.537020164395378	0.807697488081409	0.593705772531019	0.897862956558648	0.884538315761531	0.622189169371046	0.817040557590387	0.749276539366841	0.865602109493713	0.819811679191582	0.507351127323201	0.831029961764878	0.653595258828012	0.870695876455507	0.770641022091833	0.716109620812613	0.909323114349864	0.678089396397626	0.750084196321369
"AqFl2-52"	0.758445050955456	0.77354175570254	0.961433500402262	0.625630944939695	0.607287403164824	0.855235391628643	0.798598827380447	0.915776041576251	0.809972729375177	0.775143921187748	0.823824763868431	0.648989119051728	0.825517277094389	0.717822132685541	0.667762492302684	0.879138461765985	0.817625089956493	0.595966138647397	0.750183763681428	0.728130971015536	0.793387549221825	0.738852758411114	0.823204286787957	0.560774570477804	0.762420830045733	0.772607370318499	0.753950285283549	0.625194339145229	0.661821906145505	0.829093988880308	0.747842583876872	0.744911592129285	0.775583551983301	0.822347939491814	0.57857175666603	0.747820025145285	0.756187290769396	0.837392592114481	0.835906005065648	0.596471299485222	0.664742194790044	0.782804364911043	0.76887584223991	0.848642438060826	0.777770011140295	0.82177895205033	0.612931967117881	0.786816920422191	0.697732540588388	0.793330371580069	0	0.830513296144819	0.585750627545409	0.757727540698385	0.752091851018166	0.758482138976666	0.784412086756258	0.56914874504683	0.829294500910267	0.757969346476636	0.621945157616764	0.775150475769306	0.918808806567071	0.932442438903538	0.792510256037558	0.840348329899354	0.774989965936737	0.792670950678424	0.875501061098131	0.583155837605261
"AqFl2-53"	0.871146610011727	0.660825683002956	0.590272728551741	0.7060839906162	0.796546779610542	0.531620060575777	0.899228504335394	0.509486181746199	0.631302039584717	0.920627018685431	0.434999795421565	0.776081640578781	0.57963997215957	0.836528063074	0.606153700806889	0.493959192085356	0.509748649247066	0.870724383664058	0.897276809250065	0.707046424730066	0.761511319158623	0.889982429137989	0.365918709816779	0.765771719618814	0.918725414150286	0.614313249783028	0.555846261086377	0.840379929463324	0.802976915892026	0.364054349712346	0.895103475107025	0.667215362031136	0.852461062631728	0.707195790581553	0.738706969334432	0.444437232937013	0.829323787599848	0.553316907646809	0.382577375334298	0.764681988898268	0.830021653425331	0.868185153591357	0.633117436379731	0.585431353021241	0.880530812534669	0.456048185777136	0.874151572436543	0.875881422716067	0.655466992968231	0.537020164395378	0.830513296144819	0	0.788219084297084	0.55683094484377	0.902389229628097	0.91867756360219	0.630027653858574	0.824875831709374	0.661449578321223	0.886518805234935	0.803523006861935	0.423966245884012	0.850974904548282	0.677307213841286	0.880642587015885	0.727417721586911	0.730847268980488	0.925071462842327	0.553373983189276	0.751468165615553
"AqFl2-54"	0.652900478386468	0.738441433113395	0.872939886488394	0.61920739872126	0.527384766007127	0.811783748899136	0.747940463796631	0.859184086433463	0.675289844952655	0.713023716010341	0.796073524730709	0.578024794598891	0.762359145451542	0.675422610600595	0.702016560868127	0.838259492929938	0.768480326788866	0.614116196412595	0.663693717944644	0.657045319941172	0.802363643858296	0.70211095898511	0.776490124952553	0.57772571334855	0.705800616286175	0.730405724078924	0.727842004697888	0.609753987497738	0.525354338450523	0.79949571780406	0.68001573261572	0.714233171294636	0.645598926838901	0.717547807565983	0.579347911095434	0.703271067246552	0.652393928964751	0.748319085281378	0.800091170976215	0.49361427796539	0.507775909813972	0.666762582092275	0.703346859220017	0.766677337238413	0.672925466710375	0.799666212064582	0.567466109089361	0.676007523510352	0.66976246656258	0.807697488081409	0.585750627545409	0.788219084297084	0	0.71965947442661	0.683725826183316	0.682301185482148	0.69326931320571	0.5611720863139	0.736886593164963	0.686033619004434	0.56873708440271	0.766605245996761	0.941065649349978	0.910628991700703	0.671367385063899	0.725727716794812	0.682913098813517	0.714114393442046	0.804761256593222	0.613472410286644
"AqFl2-55"	0.770960729717633	0.483654427399643	0.756866542849197	0.709996217205784	0.737450210659192	0.578101945117521	0.799736818780644	0.664038875567039	0.532759135477214	0.822997295968653	0.591265537994335	0.762076426739646	0.517911832047605	0.674675556142484	0.664961767184472	0.627579392339165	0.594757505637545	0.839292068786588	0.807161669136863	0.611389750229846	0.613760485655707	0.723496718753603	0.506386001244538	0.71892501128243	0.811133528541075	0.473428272470733	0.55696590564267	0.80414125935918	0.775939167232089	0.525832754517098	0.791342553859705	0.560609625627673	0.764929955916984	0.571352911313004	0.706589954618152	0.554042495959807	0.742537196450823	0.506144383265754	0.521218746748077	0.730159038165518	0.769612145710075	0.765239698985493	0.518705819076578	0.511333897684063	0.786008615871905	0.664196841618649	0.81805634299051	0.787622685003931	0.479721767827767	0.593705772531019	0.757727540698385	0.55683094484377	0.71965947442661	0	0.819781110153239	0.821870639609846	0.561995920691682	0.804516727498832	0.627122614717973	0.769923182372671	0.775316823779845	0.540082423948847	0.899109329352917	0.791950585642546	0.788762277559138	0.628160546442127	0.623753354337014	0.821933121611933	0.615548650102901	0.736099883123218
"AqFl2-56"	0.481461323242497	0.819002095042815	0.971979447976911	0.818524648621772	0.702765484006497	0.919880532897099	0.466186876082525	0.951748622723793	0.811878509544908	0.424300919134369	0.886266332061411	0.786124061655861	0.838540052412705	0.593687441915458	0.849061777457703	0.942505543538805	0.873056205943638	0.749966632635013	0.398063047513913	0.678301493792966	0.815878111817715	0.612543729125625	0.904269893041222	0.766766667642386	0.452557783214074	0.809190224267438	0.864656633177688	0.760834053887151	0.767007334279289	0.917403915564032	0.437972075560739	0.778391467617386	0.412198233432388	0.751093726212254	0.781459995655415	0.858153651470381	0.536951599090612	0.863764598183643	0.909640278715169	0.755488492444832	0.654001721948281	0.477214551284909	0.760459026436576	0.859598228084008	0.4152760170075	0.892837405105196	0.722793671168352	0.521858571524623	0.735526840081281	0.897862956558648	0.752091851018166	0.902389229628097	0.683725826183316	0.819781110153239	0	0.44854943066739	0.773142610895604	0.75755657745616	0.81390298125975	0.457280601410349	0.745463171726448	0.880329697434982	0.937083810203909	0.970969448627119	0.441702277291099	0.799051010027663	0.697072509585508	0.480885681003036	0.921670598756797	0.777653301522877
"AqFl2-57"	0.483557582272166	0.818782269157384	0.972902180797028	0.815963818466434	0.697593839499317	0.903918841310488	0.469129817605152	0.945691445828741	0.816285048783587	0.398633500961524	0.883456625582276	0.779977551367665	0.843301031261814	0.600924545730895	0.853855301292975	0.951501144027186	0.854732848752165	0.726297995831267	0.412850837980464	0.692653200763261	0.819488880163777	0.594327152666902	0.909631251492334	0.76552430921161	0.415731555878951	0.804923881417345	0.866468386179633	0.748173437454137	0.755004961453367	0.924021312177912	0.430828471052322	0.777768830937023	0.438683992445392	0.733051552045781	0.779070936614779	0.858533979856244	0.476097678584199	0.842041091827457	0.914542982436957	0.741602601401816	0.663024149123055	0.459505287378419	0.759663395318495	0.868777583212559	0.477527148808356	0.892951138191217	0.709088864890945	0.495992760252425	0.715647682460393	0.884538315761531	0.758482138976666	0.91867756360219	0.682301185482148	0.821870639609846	0.44854943066739	0	0.770879092307549	0.740811677977132	0.800531665311004	0.46600626633246	0.750914658525513	0.883500187074758	0.919845932325806	0.961994520603169	0.449615779559082	0.767232925612536	0.691237936636144	0.466364829088774	0.909062810720601	0.766282032266841
"AqFl2-58"	0.724750203099911	0.571942647666122	0.795824148784816	0.721280119442478	0.709585714752379	0.694487443639611	0.775556996079522	0.737707457968346	0.558484242007603	0.776133316087801	0.546128827425631	0.750260191620612	0.424488804688819	0.676200181169042	0.701897464045803	0.730833105690307	0.557368291720222	0.771450402150088	0.747483793717475	0.570987922998866	0.643050504732413	0.734120496668829	0.59706696275482	0.733290726995557	0.756240968049959	0.560629925950132	0.627066114729989	0.764196446138728	0.735364506779597	0.60275119657934	0.742716431645795	0.566366356547136	0.724918384709807	0.509458579681496	0.666010272316091	0.558746268862752	0.684934100610375	0.556050889869229	0.624838416563491	0.716968852022369	0.721543227796416	0.716525745210823	0.569541645933679	0.585579729036197	0.748607227904549	0.691669748829848	0.787483751908187	0.736715530034068	0.524776294960033	0.622189169371046	0.784412086756258	0.630027653858574	0.69326931320571	0.561995920691682	0.773142610895604	0.770879092307549	0	0.700639478581765	0.486485176203249	0.717665221454281	0.772318159229406	0.598584436810589	0.792188707193949	0.804108433683363	0.720581464056014	0.609841287813091	0.506658752922717	0.786494692087497	0.648650726411559	0.707087506829009
"AqFl2-59"	0.697658235528032	0.783101065632255	0.912286256301165	0.544075200561932	0.565044299331516	0.864763957087135	0.790486703207079	0.866330791281976	0.807831379011904	0.759159452165081	0.7505536920572	0.589624001744861	0.768196210298104	0.773356132913197	0.646862829850783	0.885580648751471	0.775054352931715	0.529641070840931	0.76361361868558	0.718833369628083	0.83193100085656	0.77433769274233	0.82261486335548	0.590332376741891	0.740470318245774	0.765510423699007	0.779566796850233	0.53221779618626	0.580970218800228	0.820626122344838	0.754491794505875	0.747887870326126	0.732926525460152	0.778497351942246	0.586703027607007	0.733170563660907	0.6790592735183	0.782688895251485	0.829939689794901	0.613170674699416	0.586969376213502	0.738435869945889	0.770960704063057	0.839162199404107	0.730272948346776	0.772607632674259	0.609906466088957	0.724989151100668	0.677471030777144	0.817040557590387	0.56914874504683	0.824875831709374	0.5611720863139	0.804516727498832	0.75755657745616	0.740811677977132	0.700639478581765	0	0.726433811327086	0.756180632369454	0.55846730161828	0.738272254341033	0.85906743786671	0.878922437436403	0.746593954288714	0.780674008898647	0.73673713246653	0.768153558309189	0.834283023527434	0.589064512818701
"AqFl2-61"	0.767534504737926	0.614456547130529	0.721185873844295	0.703763472226664	0.761402988148053	0.755523752719314	0.775095721771765	0.705700054264524	0.58852871160255	0.798519360405879	0.568991439990045	0.792677421101052	0.38643386297927	0.724178977046628	0.704775893552891	0.713673928378692	0.566606156130852	0.782418394352205	0.798857998029285	0.620360453096881	0.62166279076937	0.723750097708114	0.600888116922523	0.78623949935674	0.792281311770132	0.570071954610695	0.688153861335016	0.753082274374211	0.73705728829891	0.653223316347505	0.794699153018162	0.590056179881539	0.763089887125583	0.458167521501465	0.762917093486737	0.634723502679776	0.657254794639886	0.41731065903883	0.681186722221448	0.723031235394282	0.763619004167858	0.763578458475069	0.547952826192863	0.560256828873954	0.790491147598954	0.627663989644916	0.83622971302688	0.74920076027322	0.564263802594485	0.749276539366841	0.829294500910267	0.661449578321223	0.736886593164963	0.627122614717973	0.81390298125975	0.800531665311004	0.486485176203249	0.726433811327086	0	0.782454387525777	0.808273509184706	0.654294372226035	0.737633309073756	0.763020673187013	0.745169474648843	0.462833276471531	0.541146689531651	0.809865444471264	0.620188118916639	0.756454361725085
"AqFl2-62"	0.436702157309433	0.762228967131307	0.973932136026412	0.816291503028385	0.705111590692372	0.891016670078752	0.521853108855576	0.937496601042165	0.770486425950178	0.436454500601991	0.847192937389028	0.781504245578578	0.782921351517066	0.534740851783028	0.830764079125977	0.91928635682145	0.841970759405711	0.746396969478317	0.403505290923143	0.628614405127197	0.761485585147656	0.528146952502094	0.869351768288846	0.752965972594155	0.474164650436223	0.739035361125288	0.846233824363815	0.772584661098141	0.769419091448463	0.886827782681712	0.42018462009911	0.71336149053147	0.439904811591415	0.685427673194641	0.754727093067074	0.836761389352556	0.533785972983832	0.819657209344543	0.883039057589379	0.757439728734204	0.631459387498612	0.423700766420098	0.712854628993092	0.821792878635185	0.416306525303385	0.874992861187061	0.717673072341235	0.465858039152297	0.656673150911906	0.865602109493713	0.757969346476636	0.886518805234935	0.686033619004434	0.769923182372671	0.457280601410349	0.46600626633246	0.717665221454281	0.756180632369454	0.782454387525777	0	0.767691045126448	0.840841615657274	0.908384732374525	0.955617075102656	0.449941785868398	0.734418662475574	0.6259675684121	0.50249206171901	0.900396830642515	0.757936856759315
"AqFl2-63"	0.721144868055627	0.776994351474322	0.913066807737721	0.606503106806899	0.542015527699787	0.831693078761917	0.780188373163533	0.874468775680112	0.786852296865087	0.773207255366637	0.80490352971588	0.562170406665627	0.793524694580992	0.758009734008741	0.612420789337453	0.865952438854496	0.819032967924192	0.630706953123416	0.748968536743039	0.728731224465737	0.828446859031279	0.786490952556596	0.804819540577658	0.588969224490127	0.767769975582142	0.753205176975045	0.770520678421601	0.57104868769391	0.571663448962578	0.819380562228228	0.765098455072429	0.747276263891675	0.698324194777542	0.789313499553063	0.585556895961876	0.718238819564085	0.724142555825336	0.81033625190328	0.812762042423944	0.528694642283636	0.557884993039324	0.759932921182383	0.773071269951772	0.786506829995492	0.736652312051689	0.774850150085315	0.618658999323972	0.737691420738093	0.712827063720017	0.819811679191582	0.621945157616764	0.803523006861935	0.56873708440271	0.775316823779845	0.745463171726448	0.750914658525513	0.772318159229406	0.55846730161828	0.808273509184706	0.767691045126448	0	0.732895456331106	0.942242661547333	0.908712200536208	0.755710961695138	0.776909235047714	0.739283565016734	0.766172609969479	0.850130732855741	0.544585195518283
"AqFl2-64"	0.836384924321266	0.559479325348781	0.738680971147782	0.668976719931579	0.744947081859043	0.576193179457896	0.890904964280292	0.61608555938822	0.621323285341877	0.889701013849635	0.49703100565505	0.74908263254602	0.545134556575191	0.785905301158249	0.548194597209363	0.570200700693591	0.55250040970991	0.796821984524719	0.87191527989493	0.682985116807028	0.669591738260937	0.824885715294298	0.376968911839902	0.715786330101364	0.888265426875539	0.526192454418903	0.58019231173759	0.80107426362746	0.777994191430588	0.406857370124316	0.864935171440412	0.565513301680583	0.842446262766376	0.686828964500664	0.65579954916611	0.477130260466549	0.807388943029501	0.520549759345311	0.420517785080919	0.764186911093856	0.798535119576476	0.826047422557258	0.544383699236765	0.575949335666948	0.851054218075639	0.44008462959711	0.831908796295984	0.857729295839654	0.611039029194131	0.507351127323201	0.775150475769306	0.423966245884012	0.766605245996761	0.540082423948847	0.880329697434982	0.883500187074758	0.598584436810589	0.738272254341033	0.654294372226035	0.840841615657274	0.732895456331106	0	0.834318583379926	0.660774421423804	0.845985287617759	0.650047212208363	0.676718597518048	0.891317810993789	0.604427948988491	0.686047753390317
"AqFl2-65"	0.927186063870514	0.881755979133324	0.863861561135423	0.909626576759454	0.9010270322561	0.900976145878929	0.921834663639381	0.858463462995439	0.904079991422797	0.926011793343612	0.654132384929899	0.927776029452491	0.713456828493184	0.919538835059927	0.879652854044417	0.797187101075899	0.711661228221968	0.862498386943409	0.926829392080823	0.898272536925756	0.840801880439382	0.901637203692771	0.811878129289462	0.920544446589344	0.925194149056867	0.887287505745191	0.893577810938948	0.893742370169097	0.924115998157731	0.80434826751841	0.927569062841355	0.867566485641908	0.937842635740298	0.82706916722667	0.884971863201237	0.819067793925397	0.903058655614176	0.842383481354877	0.882622669659286	0.931512645259608	0.939725052682687	0.9179850612642	0.894039221888279	0.903424222230133	0.937262638239239	0.815695388393676	0.917106460256841	0.918654304383468	0.816829961562311	0.831029961764878	0.918808806567071	0.850974904548282	0.941065649349978	0.899109329352917	0.937083810203909	0.919845932325806	0.792188707193949	0.85906743786671	0.737633309073756	0.908384732374525	0.942242661547333	0.834318583379926	0	0.683099275712118	0.91945966582119	0.871090370241144	0.845808778797452	0.930682166969964	0.817754429024621	0.890374232471907
"AqFl2-66"	0.933194034129632	0.773594515671013	0.555229012147796	0.848513186091212	0.908743368991415	0.760130850781529	0.965082009080772	0.621994874292278	0.826045348017105	0.963121381813852	0.684650374536223	0.888600261079299	0.72056603961661	0.934571372325693	0.770565436501843	0.517985791310834	0.747014866906197	0.931547814324851	0.964709575635533	0.847915620930986	0.842467175023228	0.932178062716424	0.602412189923766	0.874620882406498	0.966557606928094	0.769847277246292	0.785147518832304	0.90113366476309	0.90097977504329	0.581064438676288	0.966648768617096	0.778766955255207	0.943458464917051	0.836871770895469	0.849850933789887	0.745896309328655	0.910577512878974	0.683595249623232	0.704167539946872	0.90898176661499	0.923424634633898	0.932009709836041	0.799937905900629	0.767307124512351	0.942923903560815	0.625271070647221	0.942649361697311	0.933551018324517	0.825811058706011	0.653595258828012	0.932442438903538	0.677307213841286	0.910628991700703	0.791950585642546	0.970969448627119	0.961994520603169	0.804108433683363	0.878922437436403	0.763020673187013	0.955617075102656	0.908712200536208	0.660774421423804	0.683099275712118	0	0.927697185496923	0.788570993996144	0.856225702594914	0.967782722665184	0.666261301682496	0.857534367946013
"AqFl2-67"	0.438779383696177	0.779958646689117	0.923882341782221	0.806260389084634	0.717230584956918	0.899187291140199	0.465244605749812	0.912567953795618	0.758591005290623	0.465790421891786	0.855561786385217	0.793841095046436	0.803026986392351	0.568031374862895	0.819447067955547	0.918787659529696	0.826537710519024	0.770508145001738	0.42619711303847	0.657704633885122	0.814274094593338	0.533800800261108	0.874471899017202	0.758867104252588	0.431483456532578	0.771384004091083	0.842226410593652	0.742441310149721	0.747037731923429	0.890004024421554	0.417429905450454	0.747414498434986	0.42085897714697	0.71208175188079	0.78185862571202	0.848633644621383	0.507886395773086	0.804717784764883	0.884728055623457	0.752971136478137	0.659581135457169	0.415324562346652	0.708995828539526	0.832125176324968	0.404865175957088	0.836877367724838	0.728966175646631	0.433420356055238	0.702254727765693	0.870695876455507	0.792510256037558	0.880642587015885	0.671367385063899	0.788762277559138	0.441702277291099	0.449615779559082	0.720581464056014	0.746593954288714	0.745169474648843	0.449941785868398	0.755710961695138	0.845985287617759	0.91945966582119	0.927697185496923	0	0.727672568587407	0.659515458567713	0.463506781872867	0.873404687472347	0.762039973636937
"AqFl2-68"	0.75977494545342	0.627944273078296	0.781271722368913	0.718200777870324	0.777976617953782	0.755051970360865	0.77000294577316	0.735449363315455	0.626623005949343	0.769564475427317	0.718721467005779	0.776265056058414	0.544947997145471	0.674298533929246	0.74824582466118	0.751848885500375	0.736182622921644	0.803165604894236	0.778353915914852	0.607231290447179	0.575001424312705	0.671783968689113	0.661078753083335	0.797233496126942	0.776204513851837	0.568480181010786	0.710195489204968	0.783889406209024	0.724689490084244	0.686112743543499	0.767942940352049	0.607940145190756	0.748475509031632	0.462536623804998	0.748565488893734	0.682934057616662	0.669866095077966	0.484987553964647	0.695072093745204	0.740286213818823	0.738074977104986	0.733718081907528	0.535496525921441	0.561709496097333	0.764815760124595	0.70948503534476	0.828585234356582	0.729718085482613	0.624244669570113	0.770641022091833	0.840348329899354	0.727417721586911	0.725727716794812	0.628160546442127	0.799051010027663	0.767232925612536	0.609841287813091	0.780674008898647	0.462833276471531	0.734418662475574	0.776909235047714	0.650047212208363	0.871090370241144	0.788570993996144	0.727672568587407	0	0.616908735020975	0.790065334197502	0.673389294209309	0.775612885891297
"AqFl2-69"	0.632724161319206	0.601959166037941	0.864491851839168	0.757255228282266	0.708861182376706	0.778157888079466	0.659636571097957	0.808901782032764	0.602833118725398	0.694846744918112	0.666445744719225	0.760024304942499	0.553205080905682	0.598953430446527	0.717795465363003	0.806778360865454	0.673959717265164	0.750476407546581	0.663877062939716	0.539809220383466	0.635277238629766	0.650796882870457	0.692382169806099	0.73251769190834	0.676986385065237	0.563408172576753	0.694810342484496	0.723179103129814	0.716837126408572	0.715322042097261	0.648517614912696	0.57543414991787	0.652499261852958	0.506671534363415	0.687967525594674	0.671068968957608	0.584022698244902	0.611813201480681	0.729563338645254	0.703537667924973	0.705992187682776	0.661170227059231	0.498253056553262	0.65692773573552	0.671379543140817	0.717468518448134	0.799197985553008	0.668045095409747	0.511946620188618	0.716109620812613	0.774989965936737	0.730847268980488	0.682913098813517	0.623753354337014	0.697072509585508	0.691237936636144	0.506658752922717	0.73673713246653	0.541146689531651	0.6259675684121	0.739283565016734	0.676718597518048	0.845808778797452	0.856225702594914	0.659515458567713	0.616908735020975	0	0.696324715913093	0.67277042531847	0.677085763738921
"AqFl2-70"	0.516077782748016	0.833074089460521	0.977620548784533	0.822426331393584	0.724553012474398	0.932405991588761	0.494021164438121	0.946798656568412	0.827654540228323	0.467666544556558	0.896853277524307	0.808074374214936	0.846651616962747	0.612907491947408	0.833011673820073	0.957931156896016	0.89239756686725	0.754676334256154	0.490542043358455	0.731161871953827	0.820725338725342	0.568168782150443	0.918521070472728	0.790194610377488	0.435971499757008	0.815993718264821	0.879827345410864	0.733257334120371	0.75481935786784	0.930280427818989	0.432627161404726	0.801562047925737	0.473271066356149	0.76681312894375	0.82172357663408	0.882303451215767	0.553973685550249	0.851756993235691	0.921842999252015	0.773915940992393	0.698894136455895	0.443296447219938	0.781483333818392	0.867808028842905	0.454581391630991	0.908589906347565	0.757774578600406	0.50528514921575	0.741367081175431	0.909323114349864	0.792670950678424	0.925071462842327	0.714114393442046	0.821933121611933	0.480885681003036	0.466364829088774	0.786494692087497	0.768153558309189	0.809865444471264	0.50249206171901	0.766172609969479	0.891317810993789	0.930682166969964	0.967782722665184	0.463506781872867	0.790065334197502	0.696324715913093	0	0.904805450865626	0.786608250811839
"AqFl2-71"	0.882936891235804	0.687646890731728	0.596893077773941	0.723232713021514	0.837986142999774	0.622235057156836	0.906440271517515	0.537622971222463	0.626116026732728	0.91120657649425	0.575404194339677	0.822662096724447	0.593571034155473	0.852699820742711	0.729287991463667	0.635477377488933	0.621207436546626	0.880032703519477	0.913081267306462	0.751775363620468	0.790567483311885	0.854724028836722	0.429586284808003	0.809165080056643	0.90959279214658	0.678505464249245	0.590722431595	0.830389269758362	0.775695802283958	0.423691999226751	0.912284346182406	0.679743397341305	0.873092519318654	0.725139365980892	0.779803461516637	0.58760129149725	0.81525176036566	0.50639071182954	0.558496209773344	0.807751444436601	0.849566384706035	0.880731910726866	0.674287820143951	0.637646194458495	0.895567031988618	0.587058261557732	0.884604111818747	0.868481701693205	0.71587426701905	0.678089396397626	0.875501061098131	0.553373983189276	0.804761256593222	0.615548650102901	0.921670598756797	0.909062810720601	0.648650726411559	0.834283023527434	0.620188118916639	0.900396830642515	0.850130732855741	0.604427948988491	0.817754429024621	0.666261301682496	0.873404687472347	0.673389294209309	0.67277042531847	0.904805450865626	0	0.771912681985549
"AqFl2-72"	0.760373976602944	0.70813998448298	0.899127286243151	0.56654442358014	0.615705989079762	0.804721448550609	0.79813679742922	0.846042915963917	0.760987237177714	0.775003354607593	0.747886002668987	0.585308138260749	0.753655122567799	0.728485082335915	0.578640165730367	0.822926963909176	0.770819746407486	0.633922895313757	0.759556487126715	0.649114814505776	0.766089136150192	0.742360098064951	0.747446385891427	0.560284828789065	0.777727206705519	0.687242922781281	0.733151100871099	0.570416284069015	0.591115551819222	0.744172097207364	0.772932196884368	0.66627807789483	0.741994955622795	0.76111755329465	0.557981371518519	0.632668836318896	0.697159732205707	0.748123762483036	0.759939094685421	0.52012675439999	0.640114466380001	0.764305670335324	0.700118263293915	0.767401707248158	0.759405163457026	0.738529785241817	0.637741917009765	0.755882955575779	0.650683761385248	0.750084196321369	0.583155837605261	0.751468165615553	0.613472410286644	0.736099883123218	0.777653301522877	0.766282032266841	0.707087506829009	0.589064512818701	0.756454361725085	0.757936856759315	0.544585195518283	0.686047753390317	0.890374232471907	0.857534367946013	0.762039973636937	0.775612885891297	0.677085763738921	0.786608250811839	0.771912681985549	0
