""	"AqFl2-01"	"AqFl2-02"	"AqFl2-03"	"AqFl2-04"	"AqFl2-05"	"AqFl2-06"	"AqFl2-07"	"AqFl2-08"	"AqFl2-09"	"AqFl2-10"	"AqFl2-11"	"AqFl2-12"	"AqFl2-13"	"AqFl2-14"	"AqFl2-15"	"AqFl2-16"	"AqFl2-17"	"AqFl2-18"	"AqFl2-19"	"AqFl2-20"	"AqFl2-21"	"AqFl2-22"	"AqFl2-23"	"AqFl2-24"	"AqFl2-25"	"AqFl2-26"	"AqFl2-27"	"AqFl2-28"	"AqFl2-29"	"AqFl2-30"	"AqFl2-31"	"AqFl2-32"	"AqFl2-33"	"AqFl2-34"	"AqFl2-35"	"AqFl2-36"	"AqFl2-37"	"AqFl2-38"	"AqFl2-39"	"AqFl2-40"	"AqFl2-41"	"AqFl2-42"	"AqFl2-43"	"AqFl2-44"	"AqFl2-45"	"AqFl2-46"	"AqFl2-47"	"AqFl2-48"	"AqFl2-49"	"AqFl2-50"	"AqFl2-51"	"AqFl2-52"	"AqFl2-53"	"AqFl2-54"	"AqFl2-55"	"AqFl2-56"	"AqFl2-57"	"AqFl2-58"	"AqFl2-59"	"AqFl2-60"	"AqFl2-61"	"AqFl2-62"	"AqFl2-63"	"AqFl2-64"	"AqFl2-65"	"AqFl2-66"	"AqFl2-67"	"AqFl2-68"	"AqFl2-69"	"AqFl2-70"	"AqFl2-71"	"AqFl2-72"
"AqFl2-01"	0	31.5977123238823	39.3795710338595	40.7253329071724	38.3147582721091	45.031495754992	42.6633553552395	40.7026650210512	30.2292729393296	13.6152621231197	43.999730283694	33.1626223584255	44.3420410868171	34.0312687201469	40.2975678762952	49.8026529830991	42.298343949623	36.4424788228413	11.3917644913327	30.6837450629375	42.9166666988257	36.2885385471719	43.635577091987	45.8129312823171	30.7823181153206	36.3632769269655	38.2650820164508	34.235772377183	39.9451638192956	36.2877126720759	12.101881483149	32.438410188152	22.5091429691485	36.3361967472837	41.473840874265	37.4438280529701	28.654870292132	40.0319018763059	45.4991066340307	35.9979890224648	30.6003087830998	28.0238160676703	15.1723561617586	36.3242848816848	40.9579383852939	25.7933878284942	36.9413848340803	35.4898853854648	21.3513867084295	28.1027390338281	39.4357285201037	36.8051895219679	40.914726679942	36.3679811417638	36.97178721605	15.9188516367268	17.4586188570449	29.6738641484595	32.6238311565736	30.4734260930964	37.3144368012265	21.656704191424	33.473743679456	38.4187079262972	45.972051463832	41.4299724477261	27.7092862824393	41.6493959958562	28.6064984900724	16.7655635776349	39.2421157433773	39.5424369616935
"AqFl2-02"	31.5977123238823	0	37.475913835402	50.5219179604038	29.2010877360055	27.0192917767042	49.5566077708844	35.3043326638539	18.372795740121	35.7494327028191	24.8988852320698	32.1287912654571	34.6753628750867	38.5843852362695	37.1877197038477	35.2858305728998	28.9800232004605	44.711107688735	30.2129972228812	17.5450416020438	35.9202835776727	43.1485809759208	24.1917413800639	37.4436242222524	39.0419860173905	18.0105392006279	27.9994381762806	35.6278934767096	46.0444562378401	30.5695542264675	28.7871738527344	15.5664733163747	29.7869988159277	26.9174071920647	41.7693436941695	25.945992389851	43.2003342255663	40.4023817204774	28.1411367988214	37.1271805304858	21.5042764451523	34.6210118891703	27.9078144907585	18.9004301016771	31.2861930284436	33.4043757329093	39.1292200845592	39.7720832762199	44.3395424414152	29.3761177347759	21.8268200377125	34.2121106392227	28.7721644296979	34.2231400318791	21.2591875043287	31.1429970312738	37.5241859980882	21.6660681915252	42.4261985601299	34.1052669844412	36.1983458796498	34.2602566037834	29.7873435843993	19.1357073483673	42.1001880902556	40.9814260140467	42.3586005347512	44.0429974368334	19.1489914302988	36.276252666998	38.0590320728952	40.0330507695543
"AqFl2-03"	39.3795710338595	37.475913835402	0	40.305729865259	39.3263449508003	28.0097093830213	44.0673806422652	11.9769806259491	25.5044479481768	40.3593603155994	27.8449132930197	41.5369879194654	31.0818080791322	37.5092220037387	33.1462691886648	27.2363844785139	26.6544117056947	39.3173996226733	38.6175231753786	38.7019009198654	40.3305973944837	40.1486204707306	29.0964783494665	46.2179243026145	38.4242772940418	36.8122735633693	17.6673728817788	31.319926901463	32.6685162699938	14.282596656798	39.4364808805306	40.9947874354607	26.4300017988451	26.330925028599	43.1466050952666	25.7543836770762	32.6328184003847	17.4701459164034	25.3216108430304	36.2632257841558	31.3976689268064	43.0923453511993	37.6723154598424	38.0331889996213	18.073176495913	32.2782441905001	26.8602281582477	34.8761141701481	37.471614170336	17.2056953238577	38.7509747658551	43.7246500079409	17.2651433366182	34.3847130538897	33.9164714434634	37.5965227348888	37.4167060642792	26.7066904900502	37.6822206144935	16.2232991677903	25.1438195858142	36.7032766903192	40.3938937625191	33.5754785493344	35.664318533519	32.0680674364666	36.2135861746413	28.0084970370286	34.1741663719641	36.2109125904901	12.2260027828961	41.8782252183793
"AqFl2-04"	40.7253329071724	50.5219179604038	40.305729865259	0	36.8873710225546	52.1541166773206	70.2785960082946	48.8138903773954	45.0775451070252	42.2440569268651	54.8368777872744	31.6618057297653	59.2342877667296	57.4513597331819	37.691711267874	59.4641732242103	55.2999005824136	31.3279344208355	41.5506293319846	52.7406921196998	66.0464820137382	61.4853963341204	50.9326251420156	40.8061034950499	60.8553725558289	57.9070556709981	47.8348571543504	48.1303937551688	18.8171463599082	34.8589125964658	42.695662619775	50.3597951945372	44.3549903164691	50.8838574553182	32.6255735558025	43.7144636747553	41.6188508228258	47.8359082379692	55.213200403731	20.3833171871173	40.012027905149	32.1408259648212	46.7942431891383	55.273461035654	52.038209655538	53.7254199435424	42.3975545904693	38.2071041464867	34.4230487924438	31.8085472286428	51.1583363752498	34.6925992254125	45.9952600713057	26.3892275946192	45.5093959263011	47.5543544252544	45.6767189563509	44.3399074450228	21.517451590273	31.1795158626663	52.659753060443	42.3395099871471	33.4075762009389	49.8415999412656	61.971458198845	53.0073934985334	51.4512798485163	54.1074247808611	50.880277214815	46.1942089853896	42.8823793998256	30.9076214561644
"AqFl2-05"	38.3147582721091	29.2010877360055	39.3263449508003	36.8873710225546	0	32.2536546528976	63.8324843056073	43.256639751933	30.1682498443625	42.2327588489753	33.389128368711	20.9474912749271	47.9702795030393	51.5519539018722	35.1339943782218	45.266447651396	40.0443722894198	39.8989711148941	36.4391451455827	32.7696959752366	52.6352743114663	56.8671437185027	30.0863908379453	28.9890541364546	53.0888218409164	35.4770784413163	34.0371511648647	40.9011357761156	34.5898175692352	28.8412732444827	35.8498972112392	27.0543586451469	37.7936854974236	36.9914891164652	33.5585809732273	29.5930527205299	48.984163717492	47.8249542427799	36.156562155489	22.1548454917452	21.6369232023799	26.543865058477	38.4197999187532	33.3284998761787	40.4474762273954	45.9718917627802	42.8610499728329	39.2802166993894	46.2514777844538	30.1320208376988	27.2204138208185	24.7067184453639	32.4324937131389	22.0831141502415	24.2458497275698	40.5531912943828	45.0864980981989	29.5720453675069	33.1054911240368	33.3156380992749	48.145485647799	41.4735082366707	17.9128976778329	24.9868505804914	53.5353751079844	49.1112756356483	52.9624482048222	54.6415566409977	33.567162976994	44.0157534615074	42.4965825320854	32.1672166462147
"AqFl2-06"	45.031495754992	27.0192917767042	28.0097093830213	52.1541166773206	32.2536546528976	0	54.1380663686901	27.1648453397764	21.14312522981	48.1869914715689	10.414594276529	40.1751237564514	30.2906378901639	44.5631768153736	36.4514046098356	22.0472340183619	22.5394549988582	50.640526178806	42.4582572035528	27.8044819855949	40.0493430847388	49.3809522788876	10.3634924835675	39.0411858393027	46.2915421505909	24.6092059170507	18.3738837276802	41.1267166591155	45.4439550674251	20.923004474013	41.7127009897881	27.7044141082052	32.2888860245975	20.2678816172459	45.0797824939033	20.7120139844693	47.2563506223666	35.1378513824548	11.1384147914808	39.1041249681061	25.9597328798148	44.0920639524306	40.2248283900198	23.2195849803115	21.1146672539805	38.4997777407163	39.8069524680536	45.4681213504833	52.2841188104044	30.2873329787518	23.1093580138828	41.6045516577616	14.5110919638707	34.5418334995424	19.8372115212852	42.4456294741854	47.5346909577816	25.6138223239082	48.8258226169064	33.6362627972499	36.7802450018402	45.2021884576213	37.0126775294432	17.7643497050017	43.1551128346272	42.5787999782206	49.5655415147753	42.0530014060383	27.5634075235114	45.666551592962	31.8587033133844	44.1659458513994
"AqFl2-07"	42.6633553552395	49.5566077708844	44.0673806422652	70.2785960082946	63.8324843056073	54.1380663686901	0	38.1686643821637	44.6101676023613	42.157620657987	49.3749470322606	63.4035762842938	46.3165698093303	36.5107750490789	62.2188081881416	49.5942591166702	44.3849541849953	60.4800088307306	42.4734275795289	48.5698648734073	38.508066264196	31.2892566815891	55.4404641074385	74.4463094014345	15.9954380924832	43.2373612546505	41.3044782161827	35.1485205842798	64.4311926250014	51.7025881763491	43.6305824763905	54.6402199352903	36.1152700647409	44.3175523462349	71.0324683748631	53.1773154539094	45.4052611075812	40.600580011263	48.5220641173724	65.9348898696051	52.094539070346	60.7729773409766	38.6407206398397	50.6318690004896	40.118706440753	25.7292524826258	47.9376124801242	52.5025798935847	46.7706603736867	44.9754723365417	57.0767809427866	66.4512314896999	47.8213674058183	65.1339147097257	56.8609803471155	34.8456954353518	34.050598214459	43.2273888331535	59.5490036186202	44.4059600113095	35.6252537362323	43.6114970490902	62.4197512918842	53.3571948679084	38.7452216010945	43.6994706490018	33.8296394630914	41.4134416279435	43.370607367264	32.1880675107894	42.8928557958872	68.967088481007
"AqFl2-08"	40.7026650210512	35.3043326638539	11.9769806259491	48.8138903773954	43.256639751933	27.1648453397764	38.1686643821637	0	24.1848772815613	41.7273993328349	25.7586332635892	46.0701400802158	26.8959518625462	34.5282625751584	37.2392054198841	23.5611223989636	23.0335100595549	43.8073292330923	39.8570466486284	37.0450462295957	34.7186426202567	36.3173596610549	28.9718922747849	50.3498779060984	34.078753739432	32.9191202756723	16.6506442758268	30.536013742873	40.4639069963439	20.9282273424021	40.5329360585106	40.6478168972592	26.7104431471693	24.6094345301577	48.389082419782	27.3925297169304	34.81302440245	17.1346028147252	22.9615973504438	43.1204657626625	33.7012785398236	46.9270423967893	37.3584431785359	35.9481542641656	14.3814113146037	29.4193385672611	28.9443551966747	37.571215507168	41.1354787813493	22.2489773691579	38.4179059291613	47.983829205264	18.3627981276358	40.3569177209879	35.7084875767917	37.1869174451703	37.5401838332958	26.4828614521324	43.7302670161585	22.1144387209942	21.1406918309361	37.594608981996	44.6038799295392	33.499953796887	31.426885304549	30.6183087186285	35.1755838941623	25.7118544608288	32.3924834913015	36.3589760267537	14.8993023266546	47.1737546421635
"AqFl2-09"	30.2292729393296	18.372795740121	25.5044479481768	45.0775451070252	30.1682498443625	21.14312522981	44.6101676023613	24.1848772815613	0	33.1687338478062	20.3727193396552	33.1114561470447	25.4069939148385	32.3228232489613	30.7512343665757	26.6367944729648	21.8113845330883	39.6864247761449	28.4768752025757	18.7029562669353	31.6909844296292	37.0865085701953	19.4300953426242	36.4815916182802	34.9565876412452	19.9450000579356	19.3787623508827	31.8669164020134	38.7958396526365	20.1143771640176	27.8180607159659	20.5380734186243	21.8083198497458	18.9313214700356	38.2233861429862	18.7734628200298	33.9793293258219	27.6476463786705	21.663635162157	33.8738803534185	20.5496550055266	33.9149611578223	26.0152145973185	18.9996403256367	21.2393515445854	27.5139292290349	30.7005464283001	34.4455562165639	37.9001596120835	20.6623141889567	23.820362830766	35.0527284175403	19.8167009338291	29.6744061499959	20.2608223936032	28.7373686008466	33.2646349540724	18.1039814162812	39.0632821230289	25.2368157516779	26.2253869701412	30.0880786789453	31.276732469139	19.8029430357486	36.3348484146324	33.8664339251565	35.5564627072418	32.8059664672776	16.6720104706258	31.9139196968859	26.46127544411	37.0380452629188
"AqFl2-10"	13.6152621231197	35.7494327028191	40.3593603155994	42.2440569268651	42.2327588489753	48.1869914715689	42.157620657987	41.7273993328349	33.1687338478062	0	46.8075774152621	34.9444101599914	43.6392358779537	29.593457252599	39.0729117058834	50.4790667191364	42.5508433087697	33.4969320376533	14.2729086845544	35.2365834128	40.7140025010787	31.7606233206065	46.7186336099217	46.843015991432	30.9850201440069	40.2569467385412	40.5323605867383	33.5954710631616	40.2876343832598	38.4429820619186	16.1410149855429	36.2031336814608	25.3703698974681	40.4410488261832	40.7167900149288	37.9031898062587	26.1068594180281	39.7644017899117	48.3608491247444	38.7841428182544	32.2089240171764	29.86409284054	16.7341892104689	41.1122817152891	43.6630404710569	27.3791231523526	33.4722536677114	32.1668390221243	19.5890600381973	29.0667045820767	41.1609092586392	37.5959277576476	44.0539948330998	39.4163975367457	40.9989701393637	16.5776294875372	14.4519590146256	30.4603537054909	32.7591253163923	30.861686178783	35.7976576334318	17.0398649580459	35.6578769394555	40.9733773623856	42.5742103194459	37.4864893112498	23.6690946711065	39.7843571801285	31.1293593988507	16.7042210380808	38.4643070500925	39.1303492901801
"AqFl2-11"	43.999730283694	24.8988852320698	27.8449132930197	54.8368777872744	33.389128368711	10.414594276529	49.3749470322606	25.7586332635892	20.3727193396552	46.8075774152621	0	40.8192236631904	28.0948912246609	41.2472196614559	37.6228879184596	19.733803023474	18.9968600315154	50.7206391482745	41.4241601857552	26.6810614883825	35.1907226406744	45.5961777685526	10.5899577993676	41.4969636075385	41.8263087100799	19.986953567591	15.1574701798245	37.0397750309557	47.5776943885677	22.9111419922884	40.5170065724476	26.7665586269168	31.3482939551583	21.1013552825142	46.9702220516844	20.4330078247736	47.1963411156348	34.3362031241878	6.60966880353529	41.7684770859222	24.6320169785297	44.7406283737781	38.0820322077666	22.0589243797814	18.9526439852319	35.4425682603125	38.2011019089719	44.0741530850723	52.1778079862842	29.6752636182217	22.7009702685522	42.1662508444985	14.258017234527	37.7166471795833	21.5230205387837	39.9535779092388	45.4965160624603	22.9644627981231	48.9948526294498	32.8367514463878	33.6261295644952	43.3597591866111	37.4128576310009	14.9868452186394	38.175595495806	39.2434986771882	47.2334544304647	41.0604594714397	25.1981880810268	43.4236741082115	30.6082000343605	45.8716686466464
"AqFl2-12"	33.1626223584255	32.1287912654571	41.5369879194654	31.6618057297653	20.9474912749271	40.1751237564514	63.4035762842938	46.0701400802158	33.1114561470447	34.9444101599914	40.8192236631904	0	49.42657159545	47.0817056352221	30.7817441361254	49.6441244117374	42.086017718086	29.9850460348061	32.00837706467	36.8595435992631	50.9686826811368	52.3945026859701	37.6015257070029	27.3979027577457	52.1785214648171	40.6126768059521	38.7546126343234	38.256090650781	30.8631372375614	32.3158241068802	31.8241497461396	29.8370001492075	39.1331962111953	43.1379032334054	26.2190010388471	30.7474647754342	44.0937143552811	48.3681297284899	43.876160691021	20.2484070347339	20.2635200056062	19.4561673850342	35.1628263026257	39.4782031141422	46.194297524921	46.5166793425422	37.1972148387718	31.343297886484	39.3642680649065	28.010836037009	29.188441877661	16.8199801675228	39.458674863222	23.7924138485598	30.9572203762025	37.3248130404716	39.4591127436504	29.412470102171	23.3897045577019	30.8099567878099	46.7212570166798	32.8801216537111	12.9611014215551	30.0295208555788	50.3346970461687	44.1423980318533	47.8366869765461	53.3927925822596	34.7992323083973	40.0171777077994	42.1124077903942	24.7028384213231
"AqFl2-13"	44.3420410868171	34.6753628750867	31.0818080791322	59.2342877667296	47.9702795030393	30.2906378901639	46.3165698093303	26.8959518625462	25.4069939148385	43.6392358779537	28.0948912246609	49.42657159545	0	24.9443005685903	31.7490581860744	16.9393350911733	19.1085461831972	45.8144347623708	42.5845711987351	33.2488038194199	20.6209019792749	29.8614658251511	27.9755683404731	44.1676080432957	40.2936058936737	32.5080660486643	29.6603937332455	41.1590048366677	49.2831791546695	31.0491157786163	42.4731873080787	36.3405140921301	33.045320631442	30.1274468130346	44.7419956079575	23.4787186022391	34.3461541464056	24.8796902055572	27.7820906417396	50.4469669152546	35.9146136338926	49.0853516027647	37.1966867255952	32.4498935800342	26.963889652128	35.0118827631518	28.4198852348007	38.8123060348526	47.0130465054217	33.1943686725194	34.4280220343006	47.718550163335	30.6852197932302	44.1937486335546	36.1620501622213	40.5224997986212	42.1266485051889	29.5668917922299	53.3841512568128	36.6419061376399	20.0191374238992	35.7520999760208	48.045017838559	32.5123826672308	27.8599783895698	26.7964906392557	34.7189407952303	22.2689429286319	28.6852928277672	42.8604568211425	26.4984514658407	45.6170159949917
"AqFl2-14"	34.0312687201469	38.5843852362695	37.5092220037387	57.4513597331819	51.5519539018722	44.5631768153736	36.5107750490789	34.5282625751584	32.3228232489613	29.593457252599	41.2472196614559	47.0817056352221	24.9443005685903	0	35.1153389277437	35.5710733106381	29.1060094270068	38.5429289652161	32.9019786175022	38.0745460836278	17.5379577666607	10.24745675778	42.6070348183319	49.5047878641163	29.9083950871938	38.7419699189335	37.3131145936773	33.8506621552422	48.9190658961509	39.5250831073847	33.8229987215124	40.2470449260537	31.4341592213438	40.276032942192	44.7936919964786	32.2331072695038	26.2666677577986	30.6812791759687	42.2020314132494	51.860867999443	36.729816218629	44.6424731818614	27.4199067796146	41.5723649623095	38.4827018199412	29.1842543189408	23.2333427682102	30.9441087004797	35.5818655502076	32.8005640540178	39.5626930181393	45.9629325212831	42.3560988637562	48.6190917324162	44.6015751989547	29.3868262424726	27.2286670365954	30.1186653820025	47.1229892046529	35.104856715827	20.4070148021965	20.874312604616	47.0313474479995	39.836371259556	21.6863117388363	19.2352864369843	18.5236944054049	24.951536549031	30.7003597718098	30.2306231855278	30.647720197401	44.9626142680152
"AqFl2-15"	40.2975678762952	37.1877197038477	33.1462691886648	37.691711267874	35.1339943782218	36.4514046098356	62.2188081881416	37.2392054198841	30.7512343665757	39.0729117058834	37.6228879184596	30.7817441361254	31.7490581860744	35.1153389277437	0	34.3752989972246	31.1862602946387	25.150821609042	39.0960490124018	40.0429071209257	39.8367162953805	41.9949124008002	32.281989281233	22.3796765740235	52.7563744598117	43.9895115252572	36.6006119516978	42.1464792264742	28.8913422454994	26.2394311760049	39.4414002261418	36.3636674565274	38.5726469317981	41.4401279357087	17.2870813414508	19.3124124313177	31.7703802582571	34.5821766892361	39.0492683066909	30.9601179414329	27.8385274170578	33.4645650108581	38.2880639406909	41.106062228356	40.5312197935012	45.979536596495	20.947539739655	24.5950975560424	38.9660455982539	25.858630989018	31.2597552682772	26.5267697372664	35.9718614039365	26.9184848107416	34.8790688627823	42.6550177652421	41.9838082737733	30.3505666587578	34.1691483303508	29.2150277433569	33.5103941103995	29.5322147945025	31.2292678253199	32.5139300184326	38.4543861390109	28.907200052112	39.2903537466153	36.185981805823	35.8510895912788	44.42544704293	29.1247634447451	20.5246039027309
"AqFl2-16"	49.8026529830991	35.2858305728998	27.2363844785139	59.4641732242103	45.266447651396	22.0472340183619	49.5942591166702	23.5611223989636	26.6367944729648	50.4790667191364	19.733803023474	49.6441244117374	16.9393350911733	35.5710733106381	34.3752989972246	0	14.1892434383689	50.0553712425048	47.871846777749	36.3834716923251	28.9550358352348	39.6958425080949	20.2771126922271	44.7669635637549	44.1654987292608	32.1214920310653	23.0047072633503	40.699905159392	49.5037386672039	27.4799592498475	47.4697223661508	38.2585746233663	36.4327965371595	29.3962406250689	47.6839608208223	22.7897815457207	42.6888219192121	26.6180749011031	18.1614777066984	49.5613226862096	35.3491752217975	52.2786657647771	43.139982517308	32.7234521056657	21.7197854814225	38.9862110508562	32.834382725434	42.1158634163699	53.3125748081487	32.8052056448744	32.8560547898163	48.575806544268	22.6211216134237	43.9871996289428	34.6324183719432	45.998479235114	48.5551244182869	30.4537716220881	54.0366036304426	35.5533183607203	25.7123406976195	43.250525747104	47.6362164805241	28.8525968305302	30.5356483071451	31.3240063896985	43.1720946118001	31.1689522975552	33.2775278210802	48.1939701094438	25.701719976544	47.8805091987834
"AqFl2-17"	42.298343949623	28.9800232004605	26.6544117056947	55.2999005824136	40.0443722894198	22.5394549988582	44.3849541849953	23.0335100595549	21.8113845330883	42.5508433087697	18.9968600315154	42.086017718086	19.1085461831972	29.1060094270068	31.1862602946387	14.1892434383689	0	43.2810657429644	40.2031997017647	32.040400005056	22.9170460732179	33.4325316125757	20.9758726896541	41.558805426009	37.675121101328	26.6069458976705	19.5333096771763	31.6293962015185	45.6310484551341	26.4527023203956	39.9978494647417	32.2451765489006	32.7248559459909	29.1244404732887	42.9690415957983	18.7762738243075	39.4556585647227	27.2279034484959	20.0826183228362	44.9572537146471	27.1871274678629	45.0023535079578	35.6804514108979	30.0322920268048	23.3304443413759	34.083456998829	26.6901097370238	34.5271210848636	47.4549707309716	26.7983440339069	25.4992191002878	41.3159582227115	23.4160346569072	40.970942292613	32.0140282270279	38.211647932576	40.3298982668123	22.7282188779502	46.3587185526717	29.5819229786869	21.4772084687233	34.6617451592068	40.1211426251338	22.859181761825	23.1565999991704	24.1617523567587	37.4453906120685	31.7105072027361	27.0750692222048	40.7233209643261	23.8798578487158	42.8375367935472
"AqFl2-18"	36.4424788228413	44.711107688735	39.3173996226733	31.3279344208355	39.8989711148941	50.640526178806	60.4800088307306	43.8073292330923	39.6864247761449	33.4969320376533	50.7206391482745	29.9850460348061	45.8144347623708	38.5429289652161	25.150821609042	50.0553712425048	43.2810657429644	0	36.6484055039462	48.2993773080365	47.4937424714648	42.8788040062973	47.7958258149592	35.868589706761	51.6427642231243	51.6221429233737	44.4422092968807	37.766902987326	25.8832773541063	36.4297198128281	38.2641112236712	45.2962816709714	42.2296827591629	50.7780593613905	23.8403908275198	35.1012923457434	31.6908011109453	40.9512042259631	52.1326328628354	31.441482446347	34.3050447331667	29.1919749253365	38.8045227627001	51.5797257299457	49.6858040773416	47.7482778395144	24.4235001063895	18.6080726656576	30.9891270179729	27.8626070943443	43.1542338618489	28.428869623672	46.5318473272077	32.6845819286888	46.5893350939346	40.6447616825999	36.1548393088185	36.5721205648653	22.5724665317797	28.2366898008597	38.2742434330625	25.3865513487002	32.4147551702627	44.156949820752	42.6017931606541	32.3865968864663	37.1164692220029	42.0365338322279	43.0215881926097	40.03315672109	35.439381717847	25.1419628270048
"AqFl2-19"	11.3917644913327	30.2129972228812	38.6175231753786	41.5506293319846	36.4391451455827	42.4582572035528	42.4734275795289	39.8570466486284	28.4768752025757	14.2729086845544	41.4241601857552	32.00837706467	42.5845711987351	32.9019786175022	39.0960490124018	47.871846777749	40.2031997017647	36.6484055039462	0	28.3945279247759	41.2095549701281	35.7472515526073	41.2139325387898	44.0480457719692	30.357038470329	33.976543528282	36.4832388250085	33.5615803921806	40.1512852142026	34.8846316741132	11.0950867428208	29.6339999809679	20.7225401400759	34.3934027061926	40.642151643729	35.1170423203561	29.458624367518	39.7767110263128	43.1830150058678	35.1670640455958	28.0809565003998	27.2586853243366	13.1182975240339	34.0265124238495	39.5334091953728	24.3575820680675	36.3303361393562	35.3021490496362	23.2869803480204	27.5499722835944	36.4835834159136	35.2309657676002	39.1345732960116	35.2576445750063	34.2906503035807	13.995220917518	17.4895905731569	27.416676761844	33.3588811335675	30.2354923407791	36.8620138200581	21.6452242786687	31.6792454229249	35.4881926264662	44.8446092582572	40.6637762106877	28.4317194188245	41.3871615054593	26.1842808176358	16.8918802565786	38.634089056528	38.8427291681796
"AqFl2-20"	30.6837450629375	17.5450416020438	38.7019009198654	52.7406921196998	32.7696959752366	27.8044819855949	48.5698648734073	37.0450462295957	18.7029562669353	35.2365834128	26.6810614883825	36.8595435992631	33.2488038194199	38.0745460836278	40.0429071209257	36.3834716923251	32.040400005056	48.2993773080365	28.3945279247759	0	36.4263342925248	42.6516851176103	25.9655344569493	40.2168120736684	37.7130285701813	16.828759794989	29.9910317400347	40.3397715037695	48.6088114496433	31.6397971557865	26.7765510732686	16.1274908042376	25.3156065228498	22.20680787307	44.6330841944095	28.256693401543	41.2543458046748	40.0005022919364	29.0957502359661	39.9105551560505	25.9120973004074	35.4510739869802	25.9639594707286	13.8367251762243	30.5262939598394	30.0562763859155	42.2109405014419	44.4504271937448	43.3190458422292	32.652217929997	26.1022529795311	39.1125931173036	30.0044242070045	35.58424052417	20.5114330449495	29.0585562771737	36.6730869511058	24.6362479991236	47.0774942912257	37.4962402857789	37.0643838831165	35.7009626093982	34.6317808938762	23.1803186703202	45.9109382379531	44.648708430001	41.7933858174257	42.0355850901866	15.9232679247886	34.4928196998592	39.9981194999547	43.3938953627182
"AqFl2-21"	42.9166666988257	35.9202835776727	40.3305973944837	66.0464820137382	52.6352743114663	40.0493430847388	38.508066264196	34.7186426202567	31.6909844296292	40.7140025010787	35.1907226406744	50.9686826811368	20.6209019792749	17.5379577666607	39.8367162953805	28.9550358352348	22.9170460732179	47.4937424714648	41.2095549701281	36.4263342925248	0	20.3448410378789	37.9411788934408	51.6206383774954	33.3656274956172	32.5675011766477	34.9760172628279	35.4283429761144	56.5496009075935	41.801324943283	41.194505381356	38.5952603150088	37.2432127868028	39.011477215688	50.8694047734836	31.9559644082735	39.2018962372212	34.3934971444327	36.5113632411236	57.107607087674	37.5062250565178	50.6397532264377	34.81510267778	37.3586104231686	35.9797051141882	33.9624043233809	30.647414923	38.0269123556523	48.5439615901769	38.0366471686043	36.1948205441829	49.5270003930116	40.3948458972506	52.9198863434644	43.5265637138255	36.7882203077364	37.8927628623645	30.8487803927462	54.746867175464	40.655141155108	22.0968966553976	31.888756421375	50.0531250733408	35.7772277944325	18.5047178307534	22.975098133472	31.8688346216416	30.676111646679	29.4556866350572	39.5074237058836	34.2033295603627	50.9721214804795
"AqFl2-22"	36.2885385471719	43.1485809759208	40.1486204707306	61.4853963341204	56.8671437185027	49.3809522788876	31.2892566815891	36.3173596610549	37.0865085701953	31.7606233206065	45.5961777685526	52.3945026859701	29.8614658251511	10.24745675778	41.9949124008002	39.6958425080949	33.4325316125757	42.8788040062973	35.7472515526073	42.6516851176103	20.3448410378789	0	47.9510306077123	56.7403433771002	26.6806057609383	42.1307129908287	40.3489088113901	34.1353415124273	53.2132655629507	44.2404538465619	36.8249736811273	45.7925439745491	33.798584972919	43.6629702949869	51.4557679936733	38.7696748430757	28.6383564913376	32.5170510303023	46.0808296746277	57.0046409898316	42.2236859691974	49.4946028344659	30.4027609829879	46.1719535820578	40.800221818196	29.101100408692	27.9266382507117	34.8556503622605	37.1181718225284	36.6330226252364	45.6958379843539	51.8604900385764	46.0609820838909	54.3846101158757	50.2206324248107	30.9629807013037	27.4832245077395	34.6382282171839	50.4857552306227	38.0024639951249	22.1656144331245	24.7986310356785	52.412295772242	45.3634179502982	22.4577146971425	22.4636198287852	17.811480668202	26.7041071870818	35.387178362188	30.544290580097	33.444695107554	51.3503322668329
"AqFl2-23"	43.635577091987	24.1917413800639	29.0964783494665	50.9326251420156	30.0863908379453	10.3634924835675	55.4404641074385	28.9718922747849	19.4300953426242	46.7186336099217	10.5899577993676	37.6015257070029	27.9755683404731	42.6070348183319	32.281989281233	20.2771126922271	20.9758726896541	47.7958258149592	41.2139325387898	25.9655344569493	37.9411788934408	47.9510306077123	0	34.0606097589014	46.622286909805	23.9235572786506	20.4053213387645	40.5565171664409	43.8077571264472	20.6895023552444	40.0845754339094	25.0176111743089	32.6745979582678	22.898525108788	40.9031174472002	17.4279369811142	45.3380919517662	34.3797365776458	12.642747247257	37.3432540574922	24.1209598438341	41.765319733787	38.4745540900443	20.9104303534644	22.751748352896	38.8623372052424	37.6396209072136	42.4216779915934	51.0435414650012	28.9784151924219	21.7871100252649	37.9026890865953	15.8261777530494	31.9855840185502	18.9792376766568	41.8446313562163	47.1387144325146	24.8754954677432	46.9463014741753	33.0177034905284	34.9201136627271	42.5121644794622	34.5571380789594	15.1988274443348	41.4711982975988	40.1521113692041	47.9759945910963	41.2078647954463	26.5299741711044	45.5976531970657	31.5863984479615	40.3442244744683
"AqFl2-24"	45.8129312823171	37.4436242222524	46.2179243026145	40.8061034950499	28.9890541364546	39.0411858393027	74.4463094014345	50.3498779060984	36.4815916182802	46.843015991432	41.4969636075385	27.3979027577457	44.1676080432957	49.5047878641163	22.3796765740235	44.7669635637549	41.558805426009	35.868589706761	44.0480457719692	40.2168120736684	51.6206383774954	56.7403433771002	34.0606097589014	0	63.3307440505376	46.3922480731903	44.9582386684502	52.1555607783499	36.0575111463609	34.5468987808593	43.211076193868	33.1181113147325	46.6135073224993	46.5121999824075	17.7028575530682	27.2126025000088	46.3426554289997	50.0402142653169	44.3179316026141	28.7705520496453	29.5975081487955	31.7381202104137	44.421769191461	40.8497405416505	49.6539887279364	55.4080531916349	39.1341881357621	37.1446625591992	49.6463692046854	37.0425443759215	29.7657859476727	22.7706948103904	42.4123437297594	24.655247338447	32.6896820253636	49.5863387920474	52.0476118375537	37.2227226981302	39.703544675328	41.310729266961	49.2400721786702	40.9847486494519	26.9536715039497	32.2885300916651	53.7179382985551	46.1418866187903	53.7988517566746	52.835426591431	39.969414934662	53.2968668905471	45.1426616860077	21.4183504319714
"AqFl2-25"	30.7823181153206	39.0419860173905	38.4242772940418	60.8553725558289	53.0888218409164	46.2915421505909	15.9954380924832	34.078753739432	34.9565876412452	30.9850201440069	41.8263087100799	52.1785214648171	40.2936058936737	29.9083950871938	52.7563744598117	44.1654987292608	37.675121101328	51.6427642231243	30.357038470329	37.7130285701813	33.3656274956172	26.6806057609383	46.622286909805	63.3307440505376	0	34.1969602848673	34.482446840491	28.9182712971288	55.6466633158503	43.1761848110914	31.1222444323731	43.3247304635993	25.9096379050328	36.2395164120914	60.4368549956975	44.011899723172	37.3097066918567	35.9180040295533	41.8170272238433	55.3272389766121	41.4736922512295	49.382691009809	26.3760714636493	40.5311227815128	34.4172865173622	16.2725262910508	40.9163487328005	44.1604628197336	37.6010576893839	35.9464128550681	47.1675787185205	55.2695070934925	40.5148200174692	54.4554853241348	46.6595540518318	23.2115549326931	24.0818658686037	33.7555662543112	50.0430434475066	36.4060390122041	30.3909820939229	33.4387949967001	51.2114695842694	43.598382194682	35.5581023207051	38.3750519088497	26.8043459684893	37.4086127739027	33.2551397631885	21.7866431835161	37.4299171600691	58.3837566045674
"AqFl2-26"	36.3632769269655	18.0105392006279	36.8122735633693	57.9070556709981	35.4770784413163	24.6092059170507	43.2373612546505	32.9191202756723	19.9450000579356	40.2569467385412	19.986953567591	40.6126768059521	32.5080660486643	38.7419699189335	43.9895115252572	32.1214920310653	26.6069458976705	51.6221429233737	33.976543528282	16.828759794989	32.5675011766477	42.1307129908287	23.9235572786506	46.3922480731903	34.1969602848673	0	23.565356531994	34.7873616839751	52.3391638267181	32.5817631722392	32.7602958891553	21.1798876891877	28.5023070361107	22.5243450766098	50.7011643572551	29.1689100486036	46.8646923085601	39.7257230004099	22.8669175639472	44.8403982762244	26.1765793765379	41.3327494746322	30.2987435818961	15.0369769089458	25.9731007685404	29.3572176788071	42.4808130921488	45.5038435537236	48.8208632760653	33.2668235174301	25.4260586658035	42.8300532538926	26.4254678989471	41.4490690223735	24.658995523825	31.5734364977892	39.0030662988678	23.6361189308319	49.2904751922351	36.6657804073427	34.406237391459	39.2550601358367	37.5654692559751	20.0157464109519	40.4553426348247	42.2494892645652	43.9517590239916	43.1804796960726	17.0140836924347	36.4913927062018	38.1892023853291	49.1428218607601
"AqFl2-27"	38.2650820164508	27.9994381762806	17.6673728817788	47.8348571543504	34.0371511648647	18.3738837276802	41.3044782161827	16.6506442758268	19.3787623508827	40.5323605867383	15.1574701798245	38.7546126343234	29.6603937332455	37.3131145936773	36.6006119516978	23.0047072633503	19.5333096771763	44.4422092968807	36.4832388250085	29.9910317400347	34.9760172628279	40.3489088113901	20.4053213387645	44.9582386684502	34.482446840491	23.565356531994	0	27.8029484300842	40.9528907615079	17.9428344728366	36.4859633954146	31.5326569687587	25.532879779869	20.7409048548255	46.0130648919517	22.4083040193126	40.4751506192735	26.6658446010654	14.4666293134215	38.1974431889687	24.0351242345263	41.659121512932	34.2224057215072	27.9724156930995	14.0516300905931	29.186992917622	31.9275458802814	37.9802429099725	43.6893059933157	20.8261662156112	28.3758822390766	41.355139295904	11.4376361015194	36.144817140458	26.6160547027694	34.2169324620498	37.6473375471491	19.9068476234849	41.0748410574061	22.0497863657234	27.1529775163477	37.5931385053565	36.1507778511339	21.8916351798924	33.6386615753822	33.8413495235198	39.9891418528221	35.2291230350664	25.889098552143	35.4639560897447	21.166305141399	44.2429825767632
"AqFl2-28"	34.235772377183	35.6278934767096	31.319926901463	48.1303937551688	40.9011357761156	41.1267166591155	35.1485205842798	30.536013742873	31.8669164020134	33.5954710631616	37.0397750309557	38.256090650781	41.1590048366677	33.8506621552422	42.1464792264742	40.699905159392	31.6293962015185	37.766902987326	33.5615803921806	40.3397715037695	35.4283429761144	34.1353415124273	40.5565171664409	52.1555607783499	28.9182712971288	34.7873616839751	27.8029484300842	0	42.0586611206475	34.9028322357575	34.5974170556093	40.9347677553509	32.9373002092356	39.1214997336994	48.2508083946631	35.9400789054508	40.1819721966768	34.2621752569056	37.9594362112435	42.7609087399824	30.6265115067297	39.5736105779209	32.4629562008356	42.0346056840037	34.1379211627792	31.2075489391	30.934309253157	29.0898641885707	38.2965037666937	24.8337574470045	39.1208308043531	40.9555032959043	34.5861423865665	43.8516594084709	41.8124295131661	29.9565471587363	29.2217438898701	26.9642460668646	33.8459997483758	23.7280725722387	28.71963242006	29.5662556570808	37.3704029596328	35.8684818725171	29.1425673452608	29.6859373637566	34.0111219100042	40.3042092069019	33.9157263809915	29.5122575199627	29.8518679020848	45.942413300429
"AqFl2-29"	39.9451638192956	46.0444562378401	32.6685162699938	18.8171463599082	34.5898175692352	45.4439550674251	64.4311926250014	40.4639069963439	38.7958396526365	40.2876343832598	47.5776943885677	30.8631372375614	49.2831791546695	48.9190658961509	28.8913422454994	49.5037386672039	45.6310484551341	25.8832773541063	40.1512852142026	48.6088114496433	56.5496009075935	53.2132655629507	43.8077571264472	36.0575111463609	55.6466633158503	52.3391638267181	40.9528907615079	42.0586611206475	0	28.5533497435577	41.2627968362671	46.4782163202065	40.1554356280914	46.0035172406328	27.2601856989236	35.372824568497	36.0185047180578	38.9769256683325	47.699023970193	21.6593093205351	35.2616606910321	31.3481558289327	43.3663264619526	50.350767770486	44.8530521614176	49.0666764501329	33.0400487908924	30.1319054515008	33.8097233868322	25.65311261269	45.1186701532387	31.5148818431432	39.5127694116933	24.0835957887281	41.8156501795408	44.6599178156488	42.5641193370265	37.6278335789133	22.1930927714828	25.2326901568925	43.2805883059599	36.9148355082368	31.6271508831303	43.713797872943	51.8894798997172	42.8922096819531	45.0947140786851	45.1058309774484	44.8347073164815	43.2529744324555	33.6624931150233	24.8931332409258
"AqFl2-30"	36.2877126720759	30.5695542264675	14.282596656798	34.8589125964658	28.8412732444827	20.923004474013	51.7025881763491	20.9282273424021	20.1143771640176	38.4429820619186	22.9111419922884	32.3158241068802	31.0491157786163	39.5250831073847	26.2394311760049	27.4799592498475	26.4527023203956	36.4297198128281	34.8846316741132	31.6397971557865	41.801324943283	44.2404538465619	20.6895023552444	34.5468987808593	43.1761848110914	32.5817631722392	17.9428344728366	34.9028322357575	28.5533497435577	0	35.0637535942289	31.668948433243	25.4072025403021	22.9626477199025	34.285808014931	17.4300635810339	33.9089941588382	25.1651403010015	22.1708668188103	26.5460842922197	22.5626200879117	35.0270072556841	34.7341237948991	30.8728863026399	21.034768378123	34.6885073654388	28.1223692316484	33.9043150003635	37.5935399176861	15.4533487792247	29.625821663958	34.3913250226345	14.0668698861218	23.6128370020841	23.1699885802372	36.3341022420256	38.3802044526319	22.2383569387374	34.0767429191467	17.897336357751	30.5450108755739	35.2964497538226	30.5959333286684	24.7788926956908	40.436730853968	35.4542620130487	39.9609220420315	33.6111430255886	28.8715882995185	37.0715149083368	19.4873924909576	33.1375413738837
"AqFl2-31"	12.101881483149	28.7871738527344	39.4364808805306	42.695662619775	35.8498972112392	41.7127009897881	43.6305824763905	40.5329360585106	27.8180607159659	16.1410149855429	40.5170065724476	31.8241497461396	42.4731873080787	33.8229987215124	39.4414002261418	47.4697223661508	39.9978494647417	38.2641112236712	11.0950867428208	26.7765510732686	41.194505381356	36.8249736811273	40.0845754339094	43.211076193868	31.1222444323731	32.7602958891553	36.4859633954146	34.5974170556093	41.2627968362671	35.0637535942289	0	27.8916528688149	21.1943621631579	34.016437653529	40.7689581540658	34.7415762309791	31.032582509393	40.7536353392713	42.4425095608484	35.4261113136117	27.5136345908666	27.5198003260509	13.1667393349489	32.321366410751	39.532672612692	25.0611415545678	37.5789360083271	36.4215644403779	25.6574967538334	28.5508461539571	35.4355197411072	35.0030265467135	38.7909036371586	35.176098437193	33.0432367745173	15.6810566904821	20.0447401091603	27.527622431032	34.6560194002213	31.5398479711125	37.6657271205689	22.9189598622397	31.4947904585371	34.2846340950433	45.5261669361715	41.6072055042422	29.9324272018486	42.4684395860663	25.3847359480437	18.501467889933	39.6427851779215	38.8829514902298
"AqFl2-32"	32.438410188152	15.5664733163747	40.9947874354607	50.3597951945372	27.0543586451469	27.7044141082052	54.6402199352903	40.6478168972592	20.5380734186243	36.2031336814608	26.7665586269168	29.8370001492075	36.3405140921301	40.2470449260537	36.3636674565274	38.2585746233663	32.2451765489006	45.2962816709714	29.6339999809679	16.1274908042376	38.5952603150088	45.7925439745491	25.0176111743089	33.1181113147325	43.3247304635993	21.1798876891877	31.5326569687587	40.9347677553509	46.4782163202065	31.668948433243	27.8916528688149	0	30.655361520683	27.9872171146314	39.0701538195235	24.9528432927195	44.3851384287619	44.4225676465744	30.7024535353714	35.6840860270522	19.3367682806043	31.5905498575561	28.0214310042037	18.0060442927107	35.6147609818897	36.1664581102569	40.9379118243531	41.9435456332859	45.3410739891966	32.3373096320893	18.122039412931	31.9138148023863	31.9014223591708	32.0905868234711	17.5959094909256	31.7945808173292	38.8713750605087	22.7583656044072	43.7457678654365	37.4522520647491	40.8725654208708	35.3476742669531	27.2086452761249	17.3190581791559	46.3086815177971	44.1909197581417	45.3130018624146	47.1148941447011	17.9494682811036	37.5470509267762	41.6873834229477	37.9576434528793
"AqFl2-33"	22.5091429691485	29.7869988159277	26.4300017988451	44.3549903164691	37.7936854974236	32.2888860245975	36.1152700647409	26.7104431471693	21.8083198497458	25.3703698974681	31.3482939551583	39.1331962111953	33.045320631442	31.4341592213438	38.5726469317981	36.4327965371595	32.7248559459909	42.2296827591629	20.7225401400759	25.3156065228498	37.2432127868028	33.798584972919	32.6745979582678	46.6135073224993	25.9096379050328	28.5023070361107	25.532879779869	32.9373002092356	40.1554356280914	25.4072025403021	21.1943621631579	30.655361520683	0	20.8139562358656	45.0411445988372	29.8809204844123	27.4296017377848	28.2093690802564	31.1036673540311	37.5577812553593	29.2907793793428	35.895511842385	18.9552002367815	28.2714821420104	24.6990099577026	15.3568189643114	34.3445110224656	38.6216589061115	28.3148820138518	23.727266969477	36.1464434143504	42.3870574268172	26.8105830717039	35.0335251805055	29.2273765575308	19.1824546564557	23.4625450757542	24.1634511157467	40.1247949051964	26.2427702811133	29.5049348621648	29.3278105626411	37.7358879543868	32.1151252115288	41.1438353050377	38.4831053564364	27.6601596184171	31.4614474359381	23.041840415895	19.8051259928261	28.8542504355184	43.3009039959
"AqFl2-34"	36.3361967472837	26.9174071920647	26.330925028599	50.8838574553182	36.9914891164652	20.2678816172459	44.3175523462349	24.6094345301577	18.9313214700356	40.4410488261832	21.1013552825142	43.1379032334054	30.1274468130346	40.276032942192	41.4401279357087	29.3962406250689	29.1244404732887	50.7780593613905	34.3934027061926	22.20680787307	39.011477215688	43.6629702949869	22.898525108788	46.5121999824075	36.2395164120914	22.5243450766098	20.7409048548255	39.1214997336994	46.0035172406328	22.9626477199025	34.016437653529	27.9872171146314	20.8139562358656	0	49.3771308255152	27.9283596266501	39.6417773297122	29.8169868520044	19.9073419782429	40.6713861137402	30.3324571206333	42.6455212160486	32.326334529667	20.067444808745	16.5493261287969	27.1952577629101	40.7733726017129	46.5380559915352	43.5268592574049	28.847757152923	32.7536299318519	46.3131798763846	18.1581982954279	35.8466145560809	22.5260465070234	33.2708624921625	38.7872756708358	26.2073989518777	48.4868845740222	32.1905612231284	33.1600050174334	40.9654467436888	40.7998585280152	27.099202596383	44.8395434118231	44.0851652145604	41.632696268097	35.3050224703617	22.8295064433441	35.633050371002	31.1610951912392	47.7780940425659
"AqFl2-35"	41.473840874265	41.7693436941695	43.1466050952666	32.6255735558025	33.5585809732273	45.0797824939033	71.0324683748631	48.389082419782	38.2233861429862	40.7167900149288	46.9702220516844	26.2190010388471	44.7419956079575	44.7936919964786	17.2870813414508	47.6839608208223	42.9690415957983	23.8403908275198	40.642151643729	44.6330841944095	50.8694047734836	51.4557679936733	40.9031174472002	17.7028575530682	60.4368549956975	50.7011643572551	46.0130648919517	48.2508083946631	27.2601856989236	34.285808014931	40.7689581540658	39.0701538195235	45.0411445988372	49.3771308255152	0	29.2858436772619	38.2860345832852	45.9186274045104	49.0953907900868	26.4069442747443	31.1308904249259	28.3888642349435	42.0119263266563	46.9576477976975	50.9548850378502	53.467159086617	31.3133547478142	28.5812182296463	40.5344642178516	32.4523584463606	35.9340776807539	21.0080353041689	44.9725600446313	24.569932389347	38.9484985691194	46.4076928008929	45.872722570189	36.9715487563651	30.8734119362427	35.5643318950445	45.0361209488661	33.5061209110165	27.5656812009355	38.4198087346116	49.9911316198857	40.1178632542402	46.7656936819681	47.6810700588807	41.9640161673338	48.4088814857174	40.7362711986434	15.3153655800254
"AqFl2-36"	37.4438280529701	25.945992389851	25.7543836770762	43.7144636747553	29.5930527205299	20.7120139844693	53.1773154539094	27.3925297169304	18.7734628200298	37.9031898062587	20.4330078247736	30.7474647754342	23.4787186022391	32.2331072695038	19.3124124313177	22.7897815457207	18.7762738243075	35.1012923457434	35.1170423203561	28.256693401543	31.9559644082735	38.7696748430757	17.4279369811142	27.2126025000088	44.011899723172	29.1689100486036	22.4083040193126	35.9400789054508	35.372824568497	17.4300635810339	34.7415762309791	24.9528432927195	29.8809204844123	27.9283596266501	29.2858436772619	0	35.3704196850931	30.3604793960358	22.6871621389501	32.167062652014	17.1803645994408	34.3322988074015	32.7192106797062	28.0702067936076	27.5080726370125	36.7640730844502	23.5430928166536	30.4800767454549	41.8256054211054	21.4009316765825	18.3092116364453	29.6198894691143	22.2602699404043	27.8145637933737	21.9630681698436	36.1713745992794	38.8846334856684	18.2002453676035	38.3300276572395	25.6845120902229	28.6371912808445	31.107692658278	28.7932665321914	16.7216702315933	33.2979299404199	28.5258204789293	38.8205544432628	34.0095527229437	23.7611148820162	39.1465809217228	24.2440604735691	29.6983141284831
"AqFl2-37"	28.654870292132	43.2003342255663	32.6328184003847	41.6188508228258	48.984163717492	47.2563506223666	45.4052611075812	34.81302440245	33.9793293258219	26.1068594180281	47.1963411156348	44.0937143552811	34.3461541464056	26.2666677577986	31.7703802582571	42.6888219192121	39.4556585647227	31.6908011109453	29.458624367518	41.2543458046748	39.2018962372212	28.6383564913376	45.3380919517662	46.3426554289997	37.3097066918567	46.8646923085601	40.4751506192735	40.1819721966768	36.0185047180578	33.9089941588382	31.032582509393	44.3851384287619	27.4296017377848	39.6417773297122	38.2860345832852	35.3704196850931	0	26.4303167438624	46.7249820163419	41.70903948718	39.9798040682905	39.4162973219249	28.7307187814727	45.1374737233786	39.4084647883868	31.6102805521289	25.7149296870371	30.9897595720414	19.9720325457798	27.7711162204011	47.1843783646713	44.151246611781	41.5763535491883	39.2307689737499	44.7119985621699	31.4441724598815	26.4321797973766	35.4753794483425	38.5176701832348	29.3868348815484	27.2998885804927	22.5962425603461	45.1818579275435	46.1724378098085	39.6117194094204	31.4964511025087	18.7139226397292	23.7224300740985	37.1294417005612	28.8031897601123	28.8781703031109	38.4113271487711
"AqFl2-38"	40.0319018763059	40.4023817204774	17.4701459164034	47.8359082379692	47.8249542427799	35.1378513824548	40.600580011263	17.1346028147252	27.6476463786705	39.7644017899117	34.3362031241878	48.3681297284899	24.8796902055572	30.6812791759687	34.5821766892361	26.6180749011031	27.2279034484959	40.9512042259631	39.7767110263128	40.0005022919364	34.3934971444327	32.5170510303023	34.3797365776458	50.0402142653169	35.9180040295533	39.7257230004099	26.6658446010654	34.2621752569056	38.9769256683325	25.1651403010015	40.7536353392713	44.4225676465744	28.2093690802564	29.8169868520044	45.9186274045104	30.3604793960358	26.4303167438624	0	31.7711476766294	44.523726294723	38.6985015239646	47.4431236961062	37.1670064214606	39.8518977501168	22.3594165236779	31.0182504814024	26.4211872901349	35.0916909447623	36.5999992911858	23.7236594955155	44.2680927514891	49.0430230322702	26.9709616921968	40.8363372342743	40.5308473186703	38.2344924056941	36.7132904343416	31.3039678059066	43.988698156779	24.5873093321465	16.830660565054	34.1370123006122	47.9267442921031	40.1719975037213	32.0197240006214	28.4387837194936	29.5298537658451	16.778273708207	35.6048969093734	36.6770372487343	15.8025352169636	45.3693054042781
"AqFl2-39"	45.4991066340307	28.1411367988214	25.3216108430304	55.213200403731	36.156562155489	11.1384147914808	48.5220641173724	22.9615973504438	21.663635162157	48.3608491247444	6.60966880353529	43.876160691021	27.7820906417396	42.2020314132494	39.0492683066909	18.1614777066984	20.0826183228362	52.1326328628354	43.1830150058678	29.0957502359661	36.5113632411236	46.0808296746277	12.642747247257	44.3179316026141	41.8170272238433	22.8669175639472	14.4666293134215	37.9594362112435	47.699023970193	22.1708668188103	42.4425095608484	30.7024535353714	31.1036673540311	19.9073419782429	49.0953907900868	22.6871621389501	46.7249820163419	31.7711476766294	0	43.1186658224668	28.4052366571034	47.247314794329	39.8814637967759	24.3190905763696	15.3586691334756	35.2811009375812	38.9046823299683	45.4530563381262	52.4446990895166	30.0157640097568	27.5968714324232	45.3478324970699	11.730000883689	38.8470525597179	24.0626631147562	41.4721918745279	46.4683481207474	25.2560462978159	50.4194883778359	32.7464183345134	32.9747382094099	45.0819091916047	40.6899950245986	20.0646490258636	38.9022982910644	40.0223179692551	47.2628475328808	39.3251901752898	27.7556976171951	44.223543071272	29.0717755612611	47.9709648066326
"AqFl2-40"	35.9979890224648	37.1271805304858	36.2632257841558	20.3833171871173	22.1548454917452	39.1041249681061	65.9348898696051	43.1204657626625	33.8738803534185	38.7841428182544	41.7684770859222	20.2484070347339	50.4469669152546	51.860867999443	30.9601179414329	49.5613226862096	44.9572537146471	31.441482446347	35.1670640455958	39.9105551560505	57.107607087674	57.0046409898316	37.3432540574922	28.7705520496453	55.3272389766121	44.8403982762244	38.1974431889687	42.7609087399824	21.6593093205351	26.5460842922197	35.4261113136117	35.6840860270522	37.5577812553593	40.6713861137402	26.4069442747443	32.167062652014	41.70903948718	44.523726294723	43.1186658224668	0	26.9554227133383	23.5157294299282	39.3356807540665	41.6233120899889	43.3585043399528	47.3311861484922	39.1223086417463	34.9592854313389	37.337259262163	26.2024025363743	36.5516002890108	23.8946354828921	35.8083168730531	15.0928657891993	31.3234361513693	41.3776436001965	42.7365443466231	33.269285731759	22.7614233286706	28.0939489465559	47.6201788006724	38.280324636703	19.9171637563034	35.0084771434745	55.8243137800778	48.398277649835	49.6118693158414	51.2285989327281	39.2129230420959	42.4227514526025	39.3920612860619	24.7184769847961
"AqFl2-41"	30.6003087830998	21.5042764451523	31.3976689268064	40.012027905149	21.6369232023799	25.9597328798148	52.094539070346	33.7012785398236	20.5496550055266	32.2089240171764	24.6320169785297	20.2635200056062	35.9146136338926	36.729816218629	27.8385274170578	35.3491752217975	27.1871274678629	34.3050447331667	28.0809565003998	25.9120973004074	37.5062250565178	42.2236859691974	24.1209598438341	29.5975081487955	41.4736922512295	26.1765793765379	24.0351242345263	30.6265115067297	35.2616606910321	22.5626200879117	27.5136345908666	19.3367682806043	29.2907793793428	30.3324571206333	31.1308904249259	17.1803645994408	39.9798040682905	38.6985015239646	28.4052366571034	26.9554227133383	0	25.8418573542829	27.9841712342678	27.663542645775	32.8197558970608	35.6390021398335	29.7536887910637	30.8044383572753	39.4149727546177	20.8811186396881	14.6636532969836	22.7978851537235	26.5667295390835	26.5814686289575	20.1186084109187	29.777757033483	33.9993184097091	14.955628463445	30.7850294184965	24.5203712908264	35.5101464126488	28.8269913637672	17.3037199073372	13.6164780519826	38.1699957920678	34.607329866715	41.0482993422046	43.5257630471659	21.5511400708211	33.6118882617332	31.6948242072586	29.6379696043216
"AqFl2-42"	28.0238160676703	34.6210118891703	43.0923453511993	32.1408259648212	26.543865058477	44.0920639524306	60.7729773409766	46.9270423967893	33.9149611578223	29.86409284054	44.7406283737781	19.4561673850342	49.0853516027647	44.6424731818614	33.4645650108581	52.2786657647771	45.0023535079578	29.1919749253365	27.2586853243366	35.4510739869802	50.6397532264377	49.4946028344659	41.765319733787	31.7381202104137	49.382691009809	41.3327494746322	41.659121512932	39.5736105779209	31.3481558289327	35.0270072556841	27.5198003260509	31.5905498575561	35.895511842385	42.6455212160486	28.3888642349435	34.3322988074015	39.4162973219249	47.4431236961062	47.247314794329	23.5157294299282	25.8418573542829	0	31.2101700281923	39.3839742540235	47.17266678442	43.2356542669201	38.2294484740252	31.9916192494029	33.8033915776821	30.0454267771745	34.563358863071	22.2826069805156	42.4720430694715	24.6432914462829	34.4758569647448	33.1979235151899	34.6821643008196	31.5447960985863	25.2228080338902	32.6395023427642	45.4115163739062	29.829725244484	19.7869734635861	35.1087622451844	51.8786091251814	45.2548300841384	43.6701954168171	50.5618265938139	34.1397852174345	35.8014242137792	43.3384412144343	27.6483457022636
"AqFl2-43"	15.1723561617586	27.9078144907585	37.6723154598424	46.7942431891383	38.4197999187532	40.2248283900198	38.6407206398397	37.3584431785359	26.0152145973185	16.7341892104689	38.0820322077666	35.1628263026257	37.1966867255952	27.4199067796146	38.2880639406909	43.139982517308	35.6804514108979	38.8045227627001	13.1182975240339	25.9639594707286	34.81510267778	30.4027609829879	38.4745540900443	44.421769191461	26.3760714636493	30.2987435818961	34.2224057215072	32.4629562008356	43.3663264619526	34.7341237948991	13.1667393349489	28.0214310042037	18.9552002367815	32.326334529667	42.0119263266563	32.7192106797062	28.7307187814727	37.1670064214606	39.8814637967759	39.3356807540665	27.9841712342678	31.2101700281923	0	31.0194226773692	36.5839494320351	20.5242137666421	34.218725940929	35.0610274912973	26.4691090302688	27.9551144746708	34.3767623473986	37.520885780075	37.4413142337759	37.9138104422925	33.6252847159967	13.3161903290134	17.9161976561322	25.2877411208322	37.8302647214979	31.1953114966149	32.571104686158	20.9054344739022	34.5093098472561	33.163297850377	39.922948408802	36.8525224438028	25.1974592171106	37.8944731189123	22.9338695845799	17.3946958338199	36.6294536567728	40.6328860192738
"AqFl2-44"	36.3242848816848	18.9004301016771	38.0331889996213	55.273461035654	33.3284998761787	23.2195849803115	50.6318690004896	35.9481542641656	18.9996403256367	41.1122817152891	22.0589243797814	39.4782031141422	32.4498935800342	41.5723649623095	41.106062228356	32.7234521056657	30.0322920268048	51.5797257299457	34.0265124238495	13.8367251762243	37.3586104231686	46.1719535820578	20.9104303534644	40.8497405416505	40.5311227815128	15.0369769089458	27.9724156930995	42.0346056840037	50.350767770486	30.8728863026399	32.321366410751	18.0060442927107	28.2714821420104	20.067444808745	46.9576477976975	28.0702067936076	45.1374737233786	39.8518977501168	24.3190905763696	41.6233120899889	27.663542645775	39.3839742540235	31.0194226773692	0	27.9484016824354	32.716760093521	44.4419109200491	47.254818983294	48.2538803296474	34.4219584004856	26.106608088823	41.265135509664	26.7023827606291	36.2465736966052	20.722750405005	34.3303301474507	41.9220694537851	27.2194648670512	50.0599903826022	38.8895778575055	37.6800109494946	40.6065144309519	36.9436194903751	21.3744165695614	46.7131093894139	46.1897140039667	45.7806996124256	43.5224140345422	18.4704666288182	39.4371146375586	40.2582265090572	45.8325244881343
"AqFl2-45"	40.9579383852939	31.2861930284436	18.073176495913	52.038209655538	40.4474762273954	21.1146672539805	40.118706440753	14.3814113146037	21.2393515445854	43.6630404710569	18.9526439852319	46.194297524921	26.963889652128	38.4827018199412	40.5312197935012	21.7197854814225	23.3304443413759	49.6858040773416	39.5334091953728	30.5262939598394	35.9797051141882	40.800221818196	22.751748352896	49.6539887279364	34.4172865173622	25.9731007685404	14.0516300905931	34.1379211627792	44.8530521614176	21.034768378123	39.532672612692	35.6147609818897	24.6990099577026	16.5493261287969	50.9548850378502	27.5080726370125	39.4084647883868	22.3594165236779	15.3586691334756	43.3585043399528	32.8197558970608	47.17266678442	36.5839494320351	27.9484016824354	0	28.0907909558878	36.3114707651751	43.2593448209748	45.1133421108073	26.0253920213741	36.1649222100772	48.7953291249658	12.5759507356676	39.7937826181302	29.8235126930697	37.0483020395951	40.4097173206881	26.0892196999725	47.8598174814111	27.6737063444403	26.4350871733135	41.4394276496711	44.0455130577705	29.2943052224638	37.2904075679319	37.7797906095689	39.9638256232866	31.2416141821189	28.6893319261244	37.8167087215939	22.8131345722065	49.3652714140571
"AqFl2-46"	25.7933878284942	33.4043757329093	32.2782441905001	53.7254199435424	45.9718917627802	38.4997777407163	25.7292524826258	29.4193385672611	27.5139292290349	27.3791231523526	35.4425682603125	46.5166793425422	35.0118827631518	29.1842543189408	45.979536596495	38.9862110508562	34.083456998829	47.7482778395144	24.3575820680675	30.0562763859155	33.9624043233809	29.101100408692	38.8623372052424	55.4080531916349	16.2725262910508	29.3572176788071	29.186992917622	31.2075489391	49.0666764501329	34.6885073654388	25.0611415545678	36.1664581102569	15.3568189643114	27.1952577629101	53.467159086617	36.7640730844502	31.6102805521289	31.0182504814024	35.2811009375812	47.3311861484922	35.6390021398335	43.2356542669201	20.5242137666421	32.716760093521	28.0907909558878	0	37.6905098367714	42.0740156665054	32.6111384593836	30.1550460440209	41.3449053417463	49.5568574393248	33.0423323442707	45.4476612285207	37.5985760307266	19.1132039015102	22.651221362472	28.6424375511933	46.1937318500064	31.7252867356809	28.5492284450323	31.1766511688309	45.2596051846736	37.3233991648626	38.1978244320488	38.2946516396456	25.6870855068669	33.0457003639511	26.6960066596401	18.9838959815068	32.7860972071513	51.6346251769186
"AqFl2-47"	36.9413848340803	39.1292200845592	26.8602281582477	42.3975545904693	42.8610499728329	39.8069524680536	47.9376124801242	28.9443551966747	30.7005464283001	33.4722536677114	38.2011019089719	37.1972148387718	28.4198852348007	23.2333427682102	20.947539739655	32.834382725434	26.6901097370238	24.4235001063895	36.3303361393562	42.2109405014419	30.647414923	27.9266382507117	37.6396209072136	39.1341881357621	40.9163487328005	42.4808130921488	31.9275458802814	30.934309253157	33.0400487908924	28.1223692316484	37.5789360083271	40.9379118243531	34.3445110224656	40.7733726017129	31.3133547478142	23.5430928166536	25.7149296870371	26.4211872901349	38.9046823299683	39.1223086417463	29.7536887910637	38.2294484740252	34.218725940929	44.4419109200491	36.3114707651751	37.6905098367714	0	18.3951778967123	33.2430271986076	21.1328322905304	35.8424160496403	35.6127719017484	35.6768437540602	37.5376994068011	40.8929280956276	36.1085068385333	32.427971213426	26.8536813525166	33.5764730612973	21.9787954477326	21.3057130695221	22.095594937787	37.6996898840709	35.8805189970584	23.6134818117783	12.9080776217974	27.3113900952878	26.7127831443382	34.6031284981633	35.5713225137202	19.303294718932	32.064151289903
"AqFl2-48"	35.4898853854648	39.7720832762199	34.8761141701481	38.2071041464867	39.2802166993894	45.4681213504833	52.5025798935847	37.571215507168	34.4455562165639	32.1668390221243	44.0741530850723	31.343297886484	38.8123060348526	30.9441087004797	24.5950975560424	42.1158634163699	34.5271210848636	18.6080726656576	35.3021490496362	44.4504271937448	38.0269123556523	34.8556503622605	42.4216779915934	37.1446625591992	44.1604628197336	45.5038435537236	37.9802429099725	29.0898641885707	30.1319054515008	33.9043150003635	36.4215644403779	41.9435456332859	38.6216589061115	46.5380559915352	28.5812182296463	30.4800767454549	30.9897595720414	35.0916909447623	45.4530563381262	34.9592854313389	30.8044383572753	31.9916192494029	35.0610274912973	47.254818983294	43.2593448209748	42.0740156665054	18.3951778967123	0	32.8448456900012	24.0735995429943	38.4592796499844	29.8612590489983	41.2351063708887	35.2022093576463	43.6710606547433	36.6902266153467	32.9748723815095	30.722346813266	26.278342674982	24.899041284284	30.3064644262546	21.6051387309764	32.5096258688901	38.8261726990326	31.7641405305242	22.9597633260765	32.1208475163329	37.4257688021721	38.4134611659037	36.8474251932979	29.6858246174098	28.4573702240441
"AqFl2-49"	21.3513867084295	44.3395424414152	37.471614170336	34.4230487924438	46.2514777844538	52.2841188104044	46.7706603736867	41.1354787813493	37.9001596120835	19.5890600381973	52.1778079862842	39.3642680649065	47.0130465054217	35.5818655502076	38.9660455982539	53.3125748081487	47.4549707309716	30.9891270179729	23.2869803480204	43.3190458422292	48.5439615901769	37.1181718225284	51.0435414650012	49.6463692046854	37.6010576893839	48.8208632760653	43.6893059933157	38.2965037666937	33.8097233868322	37.5935399176861	25.6574967538334	45.3410739891966	28.3148820138518	43.5268592574049	40.5344642178516	41.8256054211054	19.9720325457798	36.5999992911858	52.4446990895166	37.337259262163	39.4149727546177	33.8033915776821	26.4691090302688	48.2538803296474	45.1133421108073	32.6111384593836	33.2430271986076	32.8448456900012	0	28.3714684521933	49.6988647577829	41.7626647159035	45.632094245605	38.3871459151371	46.4061751611129	26.6956947068059	21.2031607143738	37.1613874876177	30.3023122756957	28.6562095654294	36.9639579328586	23.2484494014344	40.9751053222907	48.6321503538703	47.5498910535228	40.0944753743197	24.8041076137963	37.3513935196628	39.6093348562734	23.2319848410314	36.3146477476714	39.193367528923
"AqFl2-50"	28.1027390338281	29.3761177347759	17.2056953238577	31.8085472286428	30.1320208376988	30.2873329787518	44.9754723365417	22.2489773691579	20.6623141889567	29.0667045820767	29.6752636182217	28.010836037009	33.1943686725194	32.8005640540178	25.858630989018	32.8052056448744	26.7983440339069	27.8626070943443	27.5499722835944	32.652217929997	38.0366471686043	36.6330226252364	28.9784151924219	37.0425443759215	35.9464128550681	33.2668235174301	20.8261662156112	24.8337574470045	25.65311261269	15.4533487792247	28.5508461539571	32.3373096320893	23.727266969477	28.847757152923	32.4523584463606	21.4009316765825	27.7711162204011	23.7236594955155	30.0157640097568	26.2024025363743	20.8811186396881	30.0454267771745	27.9551144746708	34.4219584004856	26.0253920213741	30.1550460440209	21.1328322905304	24.0735995429943	28.3714684521933	0	31.3284223507691	30.8398684154046	22.6172654897424	26.335749908989	29.0758465097063	28.8692543649322	28.420650995947	18.8440969045157	24.6167424637209	7.62038865367403	25.2543487572024	24.7538238365707	27.62224219268	27.9551944504765	34.1756225062847	28.1812118038669	31.2834637461751	31.6580230682652	27.9452203921511	28.5037714047577	17.9118923252047	30.5580822547267
"AqFl2-51"	39.4357285201037	21.8268200377125	38.7509747658551	51.1583363752498	27.2204138208185	23.1093580138828	57.0767809427866	38.4179059291613	23.820362830766	41.1609092586392	22.7009702685522	29.188441877661	34.4280220343006	39.5626930181393	31.2597552682772	32.8560547898163	25.4992191002878	43.1542338618489	36.4835834159136	26.1022529795311	36.1948205441829	45.6958379843539	21.7871100252649	29.7657859476727	47.1675787185205	25.4260586658035	28.3758822390766	39.1208308043531	45.1186701532387	29.625821663958	35.4355197411072	18.122039412931	36.1464434143504	32.7536299318519	35.9340776807539	18.3092116364453	47.1843783646713	44.2680927514891	27.5968714324232	36.5516002890108	14.6636532969836	34.563358863071	34.3767623473986	26.106608088823	36.1649222100772	41.3449053417463	35.8424160496403	38.4592796499844	49.6988647577829	31.3284223507691	0	28.9522984252012	30.4216155166772	33.7368014642211	21.1022372674874	37.5277965401354	42.7450673902192	21.1708301355035	42.9814920402886	35.6074973727035	39.7006727983751	36.6319828832744	25.9440758956428	10.4921284790263	40.1415487132885	38.3780395735031	47.519087694759	47.5782102555505	23.3424853817566	42.629568964082	38.2721079708544	35.5739070770811
"AqFl2-52"	36.8051895219679	34.2121106392227	43.7246500079409	34.6925992254125	24.7067184453639	41.6045516577616	66.4512314896999	47.983829205264	35.0527284175403	37.5959277576476	42.1662508444985	16.8199801675228	47.718550163335	45.9629325212831	26.5267697372664	48.575806544268	41.3159582227115	28.428869623672	35.2309657676002	39.1125931173036	49.5270003930116	51.8604900385764	37.9026890865953	22.7706948103904	55.2695070934925	42.8300532538926	41.355139295904	40.9555032959043	31.5148818431432	34.3913250226345	35.0030265467135	31.9138148023863	42.3870574268172	46.3131798763846	21.0080353041689	29.6198894691143	44.151246611781	49.0430230322702	45.3478324970699	23.8946354828921	22.7978851537235	22.2826069805156	37.520885780075	41.265135509664	48.7953291249658	49.5568574393248	35.6127719017484	29.8612590489983	41.7626647159035	30.8398684154046	28.9522984252012	0	41.9638876256952	24.8433251146476	33.5578548598916	40.6968202915483	42.3107245408507	31.7877649349879	26.5712235015097	33.740447282262	46.1721702183418	32.755384436636	16.4828928409884	31.0322681331811	48.996750885744	42.0840563018866	48.2112557411	52.7825937752086	36.5220727072112	43.8513676318415	42.8193418202201	21.5935270666858
"AqFl2-53"	40.914726679942	28.7721644296979	17.2651433366182	45.9952600713057	32.4324937131389	14.5110919638707	47.8213674058183	18.3627981276358	19.8167009338291	44.0539948330998	14.258017234527	39.458674863222	30.6852197932302	42.3560988637562	35.9718614039365	22.6211216134237	23.4160346569072	46.5318473272077	39.1345732960116	30.0044242070045	40.3948458972506	46.0609820838909	15.8261777530494	42.4123437297594	40.5148200174692	26.4254678989471	11.4376361015194	34.5861423865665	39.5127694116933	14.0668698861218	38.7909036371586	31.9014223591708	26.8105830717039	18.1581982954279	44.9725600446313	22.2602699404043	41.5763535491883	26.9709616921968	11.730000883689	35.8083168730531	26.5667295390835	42.4720430694715	37.4413142337759	26.7023827606291	12.5759507356676	33.0423323442707	35.6768437540602	41.2351063708887	45.632094245605	22.6172654897424	30.4216155166772	41.9638876256952	0	32.5228195072825	23.521410202989	38.5220484340235	42.442409852413	23.7809069609131	42.8904523857946	24.7017897411947	31.1889672262017	41.6701048167165	36.8047601861901	22.8961861930937	40.3112709138779	39.1340636680912	44.0265184250544	36.7139673731688	28.7289082179805	40.0578406039251	23.7480361641712	43.4029351120176
"AqFl2-54"	36.3679811417638	34.2231400318791	34.3847130538897	26.3892275946192	22.0831141502415	34.5418334995424	65.1339147097257	40.3569177209879	29.6744061499959	39.4163975367457	37.7166471795833	23.7924138485598	44.1937486335546	48.6190917324162	26.9184848107416	43.9871996289428	40.970942292613	32.6845819286888	35.2576445750063	35.58424052417	52.9198863434644	54.3846101158757	31.9855840185502	24.655247338447	54.4554853241348	41.4490690223735	36.144817140458	43.8516594084709	24.0835957887281	23.6128370020841	35.176098437193	32.0905868234711	35.0335251805055	35.8466145560809	24.569932389347	27.8145637933737	39.2307689737499	40.8363372342743	38.8470525597179	15.0928657891993	26.5814686289575	24.6432914462829	37.9138104422925	36.2465736966052	39.7937826181302	45.4476612285207	37.5376994068011	35.2022093576463	38.3871459151371	26.335749908989	33.7368014642211	24.8433251146476	32.5228195072825	0	27.2819943547892	40.9573882488283	43.2668633335449	32.1749760264321	29.328930337445	29.5772543485335	44.1332295509862	37.6962413013075	22.9221610133433	32.0922499942814	53.6705786916922	46.3801289698	47.7164461032129	46.5781098809085	35.4408486275041	43.0146786781593	37.2695856354458	24.561119885847
"AqFl2-55"	36.97178721605	21.2591875043287	33.9164714434634	45.5093959263011	24.2458497275698	19.8372115212852	56.8609803471155	35.7084875767917	20.2608223936032	40.9989701393637	21.5230205387837	30.9572203762025	36.1620501622213	44.6015751989547	34.8790688627823	34.6324183719432	32.0140282270279	46.5893350939346	34.2906503035807	20.5114330449495	43.5265637138255	50.2206324248107	18.9792376766568	32.6896820253636	46.6595540518318	24.658995523825	26.6160547027694	41.8124295131661	41.8156501795408	23.1699885802372	33.0432367745173	17.5959094909256	29.2273765575308	22.5260465070234	38.9484985691194	21.9630681698436	44.7119985621699	40.5308473186703	24.0626631147562	31.3234361513693	20.1186084109187	34.4758569647448	33.6252847159967	20.722750405005	29.8235126930697	37.5985760307266	40.8929280956276	43.6710606547433	46.4061751611129	29.0758465097063	21.1022372674874	33.5578548598916	23.521410202989	27.2819943547892	0	36.342391661577	42.9410989268665	22.9833757913278	43.3947735129531	34.0728643460462	41.5311793932634	40.5492865823979	27.9172931193474	16.9142167832541	48.8116049034332	46.1504225543064	48.2982289716927	45.6782776374583	22.1342922978061	40.6129200646626	37.2648459900047	37.484550005821
"AqFl2-56"	15.9188516367268	31.1429970312738	37.5965227348888	47.5543544252544	40.5531912943828	42.4456294741854	34.8456954353518	37.1869174451703	28.7373686008466	16.5776294875372	39.9535779092388	37.3248130404716	40.5224997986212	29.3868262424726	42.6550177652421	45.998479235114	38.211647932576	40.6447616825999	13.995220917518	29.0585562771737	36.7882203077364	30.9629807013037	41.8446313562163	49.5863387920474	23.2115549326931	31.5734364977892	34.2169324620498	29.9565471587363	44.6599178156488	36.3341022420256	15.6810566904821	31.7945808173292	19.1824546564557	33.2708624921625	46.4076928008929	36.1713745992794	31.4441724598815	38.2344924056941	41.4721918745279	41.3776436001965	29.777757033483	33.1979235151899	13.3161903290134	34.3303301474507	37.0483020395951	19.1132039015102	36.1085068385333	36.6902266153467	26.6956947068059	28.8692543649322	37.5277965401354	40.6968202915483	38.5220484340235	40.9573882488283	36.342391661577	0	15.2451155281084	26.1869344989692	37.92015112534	30.8855548427334	33.9351578067299	22.930380395915	36.5446704494156	35.8184722486791	40.4703271774129	38.3936345771282	26.1100197929242	39.2719220064203	25.0525992189962	13.5564711105726	37.2064184000668	44.5232940237869
"AqFl2-57"	17.4586188570449	37.5241859980882	37.4167060642792	45.6767189563509	45.0864980981989	47.5346909577816	34.050598214459	37.5401838332958	33.2646349540724	14.4519590146256	45.4965160624603	39.4591127436504	42.1266485051889	27.2286670365954	41.9838082737733	48.5551244182869	40.3298982668123	36.1548393088185	17.4895905731569	36.6730869511058	37.8927628623645	27.4832245077395	47.1387144325146	52.0476118375537	24.0818658686037	39.0030662988678	37.6473375471491	29.2217438898701	42.5641193370265	38.3802044526319	20.0447401091603	38.8713750605087	23.4625450757542	38.7872756708358	45.872722570189	38.8846334856684	26.4321797973766	36.7132904343416	46.4683481207474	42.7365443466231	33.9993184097091	34.6821643008196	17.9161976561322	41.9220694537851	40.4097173206881	22.651221362472	32.427971213426	32.9748723815095	21.2031607143738	28.420650995947	42.7450673902192	42.3107245408507	42.442409852413	43.2668633335449	42.9410989268665	15.2451155281084	0	29.9191571413331	35.300356015446	29.1836908272449	32.1335883387553	19.1930199103975	39.6474825305101	41.7717487787033	38.4855672067896	34.9698011862233	20.5511196113908	36.751419999435	31.2717842958037	12.8498635367265	35.3856813448715	44.0963824355392
"AqFl2-58"	29.6738641484595	21.6660681915252	26.7066904900502	44.3399074450228	29.5720453675069	25.6138223239082	43.2273888331535	26.4828614521324	18.1039814162812	30.4603537054909	22.9644627981231	29.412470102171	29.5668917922299	30.1186653820025	30.3505666587578	30.4537716220881	22.7282188779502	36.5721205648653	27.416676761844	24.6362479991236	30.8487803927462	34.6382282171839	24.8754954677432	37.2227226981302	33.7555662543112	23.6361189308319	19.9068476234849	26.9642460668646	37.6278335789133	22.2383569387374	27.527622431032	22.7583656044072	24.1634511157467	26.2073989518777	36.9715487563651	18.2002453676035	35.4753794483425	31.3039678059066	25.2560462978159	33.269285731759	14.955628463445	31.5447960985863	25.2877411208322	27.2194648670512	26.0892196999725	28.6424375511933	26.8536813525166	30.722346813266	37.1613874876177	18.8440969045157	21.1708301355035	31.7877649349879	23.7809069609131	32.1749760264321	22.9833757913278	26.1869344989692	29.9191571413331	0	34.9107835914558	22.620996605647	27.9031462324656	26.8415686214131	27.2591077967609	18.4111180430035	31.9442575812267	29.8114193732597	34.7600227295915	35.788791693553	18.9270971322921	29.3816185799934	25.9247373891918	35.4770095156958
"AqFl2-59"	32.6238311565736	42.4261985601299	37.6822206144935	21.517451590273	33.1054911240368	48.8258226169064	59.5490036186202	43.7302670161585	39.0632821230289	32.7591253163923	48.9948526294498	23.3897045577019	53.3841512568128	47.1229892046529	34.1691483303508	54.0366036304426	46.3587185526717	22.5724665317797	33.3588811335675	47.0774942912257	54.746867175464	50.4857552306227	46.9463014741753	39.703544675328	50.0430434475066	49.2904751922351	41.0748410574061	33.8459997483758	22.1930927714828	34.0767429191467	34.6560194002213	43.7457678654365	40.1247949051964	48.4868845740222	30.8734119362427	38.3300276572395	38.5176701832348	43.988698156779	50.4194883778359	22.7614233286706	30.7850294184965	25.2228080338902	37.8302647214979	50.0599903826022	47.8598174814111	46.1937318500064	33.5764730612973	26.278342674982	30.3023122756957	24.6167424637209	42.9814920402886	26.5712235015097	42.8904523857946	29.328930337445	43.3947735129531	37.92015112534	35.300356015446	34.9107835914558	0	23.3274128976923	43.714389993479	30.4249397441435	25.3166549931305	42.1614762023194	49.0644709679812	41.3837096516892	42.692942132275	49.9336866578462	43.3071255911543	37.1303800697434	37.751411905859	28.8918497665038
"AqFl2-60"	30.4734260930964	34.1052669844412	16.2232991677903	31.1795158626663	33.3156380992749	33.6362627972499	44.4059600113095	22.1144387209942	25.2368157516779	30.861686178783	32.8367514463878	30.8099567878099	36.6419061376399	35.104856715827	29.2150277433569	35.5533183607203	29.5819229786869	28.2366898008597	30.2354923407791	37.4962402857789	40.655141155108	38.0024639951249	33.0177034905284	41.310729266961	36.4060390122041	36.6657804073427	22.0497863657234	23.7280725722387	25.2326901568925	17.897336357751	31.5398479711125	37.4522520647491	26.2427702811133	32.1905612231284	35.5643318950445	25.6845120902229	29.3868348815484	24.5873093321465	32.7464183345134	28.0939489465559	24.5203712908264	32.6395023427642	31.1953114966149	38.8895778575055	27.6737063444403	31.7252867356809	21.9787954477326	24.899041284284	28.6562095654294	7.62038865367403	35.6074973727035	33.740447282262	24.7017897411947	29.5772543485335	34.0728643460462	30.8855548427334	29.1836908272449	22.620996605647	23.3274128976923	0	26.2289036941811	26.8968027298304	30.5430256717185	31.9776995904431	34.6170160109908	28.7508946152619	32.1792255242615	32.9880283132163	32.2050689209101	29.2339789983439	17.2794573407188	33.5660104424794
"AqFl2-61"	37.3144368012265	36.1983458796498	25.1438195858142	52.659753060443	48.145485647799	36.7802450018402	35.6252537362323	21.1406918309361	26.2253869701412	35.7976576334318	33.6261295644952	46.7212570166798	20.0191374238992	20.4070148021965	33.5103941103995	25.7123406976195	21.4772084687233	38.2742434330625	36.8620138200581	37.0643838831165	22.0968966553976	22.1656144331245	34.9201136627271	49.2400721786702	30.3909820939229	34.406237391459	27.1529775163477	28.71963242006	43.2805883059599	30.5450108755739	37.6657271205689	40.8725654208708	29.5049348621648	33.1600050174334	45.0361209488661	28.6371912808445	27.2998885804927	16.830660565054	32.9747382094099	47.6201788006724	35.5101464126488	45.4115163739062	32.571104686158	37.6800109494946	26.4350871733135	28.5492284450323	21.3057130695221	30.3064644262546	36.9639579328586	25.2543487572024	39.7006727983751	46.1721702183418	31.1889672262017	44.1332295509862	41.5311793932634	33.9351578067299	32.1335883387553	27.9031462324656	43.714389993479	26.2289036941811	0	27.3071432272028	46.2552539948797	36.8702803626597	20.3220432684097	18.2061186804986	24.1379926017824	17.5857307955482	30.8285307703086	33.6681868673444	18.8465409348607	44.8600352079199
"AqFl2-62"	21.656704191424	34.2602566037834	36.7032766903192	42.3395099871471	41.4735082366707	45.2021884576213	43.6114970490902	37.594608981996	30.0880786789453	17.0398649580459	43.3597591866111	32.8801216537111	35.7520999760208	20.874312604616	29.5322147945025	43.250525747104	34.6617451592068	25.3865513487002	21.6452242786687	35.7009626093982	31.888756421375	24.7986310356785	42.5121644794622	40.9847486494519	33.4387949967001	39.2550601358367	37.5931385053565	29.5662556570808	36.9148355082368	35.2964497538226	22.9189598622397	35.3476742669531	29.3278105626411	40.9654467436888	33.5061209110165	31.107692658278	22.5962425603461	34.1370123006122	45.0819091916047	38.280324636703	28.8269913637672	29.829725244484	20.9054344739022	40.6065144309519	41.4394276496711	31.1766511688309	22.095594937787	21.6051387309764	23.2484494014344	24.7538238365707	36.6319828832744	32.755384436636	41.6701048167165	37.6962413013075	40.5492865823979	22.930380395915	19.1930199103975	26.8415686214131	30.4249397441435	26.8968027298304	27.3071432272028	0	34.1057165742475	37.3895293318476	31.8123240639695	24.9349348383913	20.5834438364864	33.0844353763039	29.7612886687509	23.7525969249745	31.8555770446206	32.979614822426
"AqFl2-63"	33.473743679456	29.7873435843993	40.3938937625191	33.4075762009389	17.9128976778329	37.0126775294432	62.4197512918842	44.6038799295392	31.276732469139	35.6578769394555	37.4128576310009	12.9611014215551	48.045017838559	47.0313474479995	31.2292678253199	47.6362164805241	40.1211426251338	32.4147551702627	31.6792454229249	34.6317808938762	50.0531250733408	52.412295772242	34.5571380789594	26.9536715039497	51.2114695842694	37.5654692559751	36.1507778511339	37.3704029596328	31.6271508831303	30.5959333286684	31.4947904585371	27.2086452761249	37.7358879543868	40.7998585280152	27.5656812009355	28.7932665321914	45.1818579275435	47.9267442921031	40.6899950245986	19.9171637563034	17.3037199073372	19.7869734635861	34.5093098472561	36.9436194903751	44.0455130577705	45.2596051846736	37.6996898840709	32.5096258688901	40.9751053222907	27.62224219268	25.9440758956428	16.4828928409884	36.8047601861901	22.9221610133433	27.9172931193474	36.5446704494156	39.6474825305101	27.2591077967609	25.3166549931305	30.5430256717185	46.2552539948797	34.1057165742475	0	26.2352896064027	49.7638473922165	44.3100026151164	48.4728341463199	53.2895931469776	32.8192980607071	39.8657147175838	41.4447193115557	25.6242377624435
"AqFl2-64"	38.4187079262972	19.1357073483673	33.5754785493344	49.8415999412656	24.9868505804914	17.7643497050017	53.3571948679084	33.499953796887	19.8029430357486	40.9733773623856	14.9868452186394	30.0295208555788	32.5123826672308	39.836371259556	32.5139300184326	28.8525968305302	22.859181761825	44.156949820752	35.4881926264662	23.1803186703202	35.7772277944325	45.3634179502982	15.1988274443348	32.2885300916651	43.598382194682	20.0157464109519	21.8916351798924	35.8684818725171	43.713797872943	24.7788926956908	34.2846340950433	17.3190581791559	32.1151252115288	27.099202596383	38.4198087346116	16.7216702315933	46.1724378098085	40.1719975037213	20.0646490258636	35.0084771434745	13.6164780519826	35.1087622451844	33.163297850377	21.3744165695614	29.2943052224638	37.3233991648626	35.8805189970584	38.8261726990326	48.6321503538703	27.9551944504765	10.4921284790263	31.0322681331811	22.8961861930937	32.0922499942814	16.9142167832541	35.8184722486791	41.7717487787033	18.4111180430035	42.1614762023194	31.9776995904431	36.8702803626597	37.3895293318476	26.2352896064027	0	39.281019331263	38.2700891108455	46.4063559533721	45.1863260637238	21.0457933138975	40.5534738233193	34.5934123265199	37.4021218421278
"AqFl2-65"	45.972051463832	42.1001880902556	35.664318533519	61.971458198845	53.5353751079844	43.1551128346272	38.7452216010945	31.426885304549	36.3348484146324	42.5742103194459	38.175595495806	50.3346970461687	27.8599783895698	21.6863117388363	38.4543861390109	30.5356483071451	23.1565999991704	42.6017931606541	44.8446092582572	45.9109382379531	18.5047178307534	22.4577146971425	41.4711982975988	53.7179382985551	35.5581023207051	40.4553426348247	33.6386615753822	29.1425673452608	51.8894798997172	40.436730853968	45.5261669361715	46.3086815177971	41.1438353050377	44.8395434118231	49.9911316198857	33.2979299404199	39.6117194094204	32.0197240006214	38.9022982910644	55.8243137800778	38.1699957920678	51.8786091251814	39.922948408802	46.7131093894139	37.2904075679319	38.1978244320488	23.6134818117783	31.7641405305242	47.5498910535228	34.1756225062847	40.1415487132885	48.996750885744	40.3112709138779	53.6705786916922	48.8116049034332	40.4703271774129	38.4855672067896	31.9442575812267	49.0644709679812	34.6170160109908	20.3220432684097	31.8123240639695	49.7638473922165	39.281019331263	0	12.3421000025916	32.0511003015939	31.7190098787439	37.8852728101872	41.0700882121061	28.1438949859904	49.9257424950451
"AqFl2-66"	41.4299724477261	40.9814260140467	32.0680674364666	53.0073934985334	49.1112756356483	42.5787999782206	43.6994706490018	30.6183087186285	33.8664339251565	37.4864893112498	39.2434986771882	44.1423980318533	26.7964906392557	19.2352864369843	28.907200052112	31.3240063896985	24.1617523567587	32.3865968864663	40.6637762106877	44.648708430001	22.975098133472	22.4636198287852	40.1521113692041	46.1418866187903	38.3750519088497	42.2494892645652	33.8413495235198	29.6859373637566	42.8922096819531	35.4542620130487	41.6072055042422	44.1909197581417	38.4831053564364	44.0851652145604	40.1178632542402	28.5258204789293	31.4964511025087	28.4387837194936	40.0223179692551	48.398277649835	34.607329866715	45.2548300841384	36.8525224438028	46.1897140039667	37.7797906095689	38.2946516396456	12.9080776217974	22.9597633260765	40.0944753743197	28.1812118038669	38.3780395735031	42.0840563018866	39.1340636680912	46.3801289698	46.1504225543064	38.3936345771282	34.9698011862233	29.8114193732597	41.3837096516892	28.7508946152619	18.2061186804986	24.9349348383913	44.3100026151164	38.2700891108455	12.3421000025916	0	27.5669493771977	27.5105336062957	36.6388790329007	38.4198085647819	23.4466070609976	40.6902291764499
"AqFl2-67"	27.7092862824393	42.3586005347512	36.2135861746413	51.4512798485163	52.9624482048222	49.5655415147753	33.8296394630914	35.1755838941623	35.5564627072418	23.6690946711065	47.2334544304647	47.8366869765461	34.7189407952303	18.5236944054049	39.2903537466153	43.1720946118001	37.4453906120685	37.1164692220029	28.4317194188245	41.7933858174257	31.8688346216416	17.811480668202	47.9759945910963	53.7988517566746	26.8043459684893	43.9517590239916	39.9891418528221	34.0111219100042	45.0947140786851	39.9609220420315	29.9324272018486	45.3130018624146	27.6601596184171	41.632696268097	46.7656936819681	38.8205544432628	18.7139226397292	29.5298537658451	47.2628475328808	49.6118693158414	41.0482993422046	43.6701954168171	25.1974592171106	45.7806996124256	39.9638256232866	25.6870855068669	27.3113900952878	32.1208475163329	24.8041076137963	31.2834637461751	47.519087694759	48.2112557411	44.0265184250544	47.7164461032129	48.2982289716927	26.1100197929242	20.5511196113908	34.7600227295915	42.692942132275	32.1792255242615	24.1379926017824	20.5834438364864	48.4728341463199	46.4063559533721	32.0511003015939	27.5669493771977	0	25.9493352967944	36.0660322373782	23.687012347665	31.4064641750602	46.2424960445631
"AqFl2-68"	41.6493959958562	44.0429974368334	28.0084970370286	54.1074247808611	54.6415566409977	42.0530014060383	41.4134416279435	25.7118544608288	32.8059664672776	39.7843571801285	41.0604594714397	53.3927925822596	22.2689429286319	24.951536549031	36.185981805823	31.1689522975552	31.7105072027361	42.0365338322279	41.3871615054593	42.0355850901866	30.676111646679	26.7041071870818	41.2078647954463	52.835426591431	37.4086127739027	43.1804796960726	35.2291230350664	40.3042092069019	45.1058309774484	33.6111430255886	42.4684395860663	47.1148941447011	31.4614474359381	35.3050224703617	47.6810700588807	34.0095527229437	23.7224300740985	16.778273708207	39.3251901752898	51.2285989327281	43.5257630471659	50.5618265938139	37.8944731189123	43.5224140345422	31.2416141821189	33.0457003639511	26.7127831443382	37.4257688021721	37.3513935196628	31.6580230682652	47.5782102555505	52.7825937752086	36.7139673731688	46.5781098809085	45.6782776374583	39.2719220064203	36.751419999435	35.788791693553	49.9336866578462	32.9880283132163	17.5857307955482	33.0844353763039	53.2895931469776	45.1863260637238	31.7190098787439	27.5105336062957	25.9493352967944	0	36.8621382892006	37.9720359487395	22.9848007135026	48.1658110106456
"AqFl2-69"	28.6064984900724	19.1489914302988	34.1741663719641	50.880277214815	33.567162976994	27.5634075235114	43.370607367264	32.3924834913015	16.6720104706258	31.1293593988507	25.1981880810268	34.7992323083973	28.6852928277672	30.7003597718098	35.8510895912788	33.2775278210802	27.0750692222048	43.0215881926097	26.1842808176358	15.9232679247886	29.4556866350572	35.387178362188	26.5299741711044	39.969414934662	33.2551397631885	17.0140836924347	25.889098552143	33.9157263809915	44.8347073164815	28.8715882995185	25.3847359480437	17.9494682811036	23.041840415895	22.8295064433441	41.9640161673338	23.7611148820162	37.1294417005612	35.6048969093734	27.7556976171951	39.2129230420959	21.5511400708211	34.1397852174345	22.9338695845799	18.4704666288182	28.6893319261244	26.6960066596401	34.6031284981633	38.4134611659037	39.6093348562734	27.9452203921511	23.3424853817566	36.5220727072112	28.7289082179805	35.4408486275041	22.1342922978061	25.0525992189962	31.2717842958037	18.9270971322921	43.3071255911543	32.2050689209101	30.8285307703086	29.7612886687509	32.8192980607071	21.0457933138975	37.8852728101872	36.6388790329007	36.0660322373782	36.8621382892006	0	29.2981113605214	33.6022393378502	39.8824926845804
"AqFl2-70"	16.7655635776349	36.276252666998	36.2109125904901	46.1942089853896	44.0157534615074	45.666551592962	32.1880675107894	36.3589760267537	31.9139196968859	16.7042210380808	43.4236741082115	40.0171777077994	42.8604568211425	30.2306231855278	44.42544704293	48.1939701094438	40.7233209643261	40.03315672109	16.8918802565786	34.4928196998592	39.5074237058836	30.544290580097	45.5976531970657	53.2968668905471	21.7866431835161	36.4913927062018	35.4639560897447	29.5122575199627	43.2529744324555	37.0715149083368	18.501467889933	37.5470509267762	19.8051259928261	35.633050371002	48.4088814857174	39.1465809217228	28.8031897601123	36.6770372487343	44.223543071272	42.4227514526025	33.6118882617332	35.8014242137792	17.3946958338199	39.4371146375586	37.8167087215939	18.9838959815068	35.5713225137202	36.8474251932979	23.2319848410314	28.5037714047577	42.629568964082	43.8513676318415	40.0578406039251	43.0146786781593	40.6129200646626	13.5564711105726	12.8498635367265	29.3816185799934	37.1303800697434	29.2339789983439	33.6681868673444	23.7525969249745	39.8657147175838	40.5534738233193	41.0700882121061	38.4198085647819	23.687012347665	37.9720359487395	29.2981113605214	0	35.6220624101746	45.6490760817676
"AqFl2-71"	39.2421157433773	38.0590320728952	12.2260027828961	42.8823793998256	42.4965825320854	31.8587033133844	42.8928557958872	14.8993023266546	26.46127544411	38.4643070500925	30.6082000343605	42.1124077903942	26.4984514658407	30.647720197401	29.1247634447451	25.701719976544	23.8798578487158	35.439381717847	38.634089056528	39.9981194999547	34.2033295603627	33.444695107554	31.5863984479615	45.1426616860077	37.4299171600691	38.1892023853291	21.166305141399	29.8518679020848	33.6624931150233	19.4873924909576	39.6427851779215	41.6873834229477	28.8542504355184	31.1610951912392	40.7362711986434	24.2440604735691	28.8781703031109	15.8025352169636	29.0717755612611	39.3920612860619	31.6948242072586	43.3384412144343	36.6294536567728	40.2582265090572	22.8131345722065	32.7860972071513	19.303294718932	29.6858246174098	36.3146477476714	17.9118923252047	38.2721079708544	42.8193418202201	23.7480361641712	37.2695856354458	37.2648459900047	37.2064184000668	35.3856813448715	25.9247373891918	37.751411905859	17.2794573407188	18.8465409348607	31.8555770446206	41.4447193115557	34.5934123265199	28.1438949859904	23.4466070609976	31.4064641750602	22.9848007135026	33.6022393378502	35.6220624101746	0	39.4817593098289
"AqFl2-72"	39.5424369616935	40.0330507695543	41.8782252183793	30.9076214561644	32.1672166462147	44.1659458513994	68.967088481007	47.1737546421635	37.0380452629188	39.1303492901801	45.8716686466464	24.7028384213231	45.6170159949917	44.9626142680152	20.5246039027309	47.8805091987834	42.8375367935472	25.1419628270048	38.8427291681796	43.3938953627182	50.9721214804795	51.3503322668329	40.3442244744683	21.4183504319714	58.3837566045674	49.1428218607601	44.2429825767632	45.942413300429	24.8931332409258	33.1375413738837	38.8829514902298	37.9576434528793	43.3009039959	47.7780940425659	15.3153655800254	29.6983141284831	38.4113271487711	45.3693054042781	47.9709648066326	24.7184769847961	29.6379696043216	27.6483457022636	40.6328860192738	45.8325244881343	49.3652714140571	51.6346251769186	32.064151289903	28.4573702240441	39.193367528923	30.5580822547267	35.5739070770811	21.5935270666858	43.4029351120176	24.561119885847	37.484550005821	44.5232940237869	44.0963824355392	35.4770095156958	28.8918497665038	33.5660104424794	44.8600352079199	32.979614822426	25.6242377624435	37.4021218421278	49.9257424950451	40.6902291764499	46.2424960445631	48.1658110106456	39.8824926845804	45.6490760817676	39.4817593098289	0
