""	"AqFl2-01"	"AqFl2-02"	"AqFl2-03"	"AqFl2-04"	"AqFl2-05"	"AqFl2-06"	"AqFl2-07"	"AqFl2-08"	"AqFl2-09"	"AqFl2-10"	"AqFl2-11"	"AqFl2-12"	"AqFl2-13"	"AqFl2-14"	"AqFl2-15"	"AqFl2-16"	"AqFl2-17"	"AqFl2-18"	"AqFl2-19"	"AqFl2-20"	"AqFl2-21"	"AqFl2-22"	"AqFl2-23"	"AqFl2-24"	"AqFl2-25"	"AqFl2-26"	"AqFl2-27"	"AqFl2-28"	"AqFl2-29"	"AqFl2-30"	"AqFl2-31"	"AqFl2-32"	"AqFl2-33"	"AqFl2-34"	"AqFl2-35"	"AqFl2-36"	"AqFl2-37"	"AqFl2-38"	"AqFl2-39"	"AqFl2-40"	"AqFl2-41"	"AqFl2-42"	"AqFl2-43"	"AqFl2-44"	"AqFl2-45"	"AqFl2-46"	"AqFl2-47"	"AqFl2-48"	"AqFl2-49"	"AqFl2-50"	"AqFl2-51"	"AqFl2-52"	"AqFl2-53"	"AqFl2-54"	"AqFl2-55"	"AqFl2-56"	"AqFl2-57"	"AqFl2-58"	"AqFl2-59"	"AqFl2-60"	"AqFl2-61"	"AqFl2-62"	"AqFl2-63"	"AqFl2-64"	"AqFl2-65"	"AqFl2-66"	"AqFl2-67"	"AqFl2-68"	"AqFl2-69"	"AqFl2-70"	"AqFl2-71"	"AqFl2-72"
"AqFl2-01"	0	2.04413087647243	3.2909658490329	2.92404025247951	2.71869810320528	3.66541430536448	2.64659678651293	3.1452125227428	2.1773130068621	0.499623440326226	3.02374531829378	2.25912760749483	3.60774767750933	3.02062952161199	2.92970060747262	3.8019948968559	3.20763510871032	2.39949510886722	0.0963047834314106	1.69316805464056	3.08572262423637	2.80395799628976	3.14781711442541	3.11644737648995	1.75067203578972	2.19432604597333	3.19454880226101	2.35779657096757	2.38422599539212	3.38965298155287	0.33093794217134	1.73825477656369	1.89735300032323	3.7950474889691	3.20625412164379	2.65542006165692	2.71069842496434	3.15611783535754	3.52015931601152	2.11771988377706	2.32722552233056	1.6843951820306	0.528840229987011	1.66088567455515	3.01197165006598	1.59000737591685	2.70722604608362	2.58534409312837	0.688495419499142	2.20202352540856	2.48071037717563	2.16802884139394	3.39670455318153	2.64793911739715	2.51483907623277	0.907488383571936	1.15787391022873	1.70146013638777	2.31422082854535	2.57811388008513	2.74465090456624	1.80767042028965	2.11774656125219	2.4980335539291	3.34024719802083	3.27635492798773	2.14147177473154	3.45789291576331	2.24888366287936	1.00711110880055	3.31112405052725	2.95013898399488
"AqFl2-02"	2.04413087647243	0	1.54003398608151	2.14136055698517	1.70661047790183	1.71634900878727	2.67880837884558	1.46571590144298	0.539518914411222	1.80233008044712	1.11465686259857	1.65743251405517	2.32592936895973	2.78404525508236	1.7573835912594	2.11884410927909	1.25094584418955	1.53501316079449	2.10740355968751	0.375038574730897	1.78578166931042	2.73617354862031	1.31483048864892	2.36504571144441	2.24383491504225	0.54020868081174	1.42291814846892	1.04100021338394	1.60784391157916	1.61257770240465	2.27108628232018	0.325183327673294	2.30270075101559	2.72342089663404	2.41098644163206	0.921352659157251	2.91521566515524	1.90161670164144	1.68019748801937	1.53693371281897	0.631751227091747	1.5522431069965	1.96152091033577	0.447879168338004	1.56890053586847	2.09499200310436	0.898309529994613	1.18401717336981	2.05855176886889	0.707777126984249	0.711302766312041	1.43048604410665	1.56346616320705	2.07932815459601	1.07015867209868	1.96409231605641	1.84903576952644	0.896375355582963	1.74464280672642	0.621881356459317	1.26521889334541	1.83173945707731	1.4821086534387	0.510408305115803	1.87406379844816	2.02924198442662	2.45857486028859	2.29073813261158	0.587891218948733	1.99816974801111	1.58698673320907	2.10772608903954
"AqFl2-03"	3.2909658490329	1.54003398608151	0	2.10674150687901	2.0598180766586	0.626333212755412	3.50025189306163	0.664787825256283	1.29722486061423	2.95100419539112	0.555679326535871	2.73968655425782	1.1898250084025	2.53356591731989	1.04546394298828	0.705323289815786	0.579298546259108	1.93754082364989	3.33198415493115	1.74411600895443	1.14895355212292	2.73829490066329	0.451103529219623	2.05710692279798	3.30000621095274	1.63395503459519	0.268499562160327	2.33159085013138	2.20890539851391	0.200557421413277	3.42839977749485	1.82664065810428	2.76043785424818	1.73327678356405	2.13742502368245	0.699888271206573	2.80052244814617	1.09672741373262	0.322108310269285	2.20926686739836	1.4186090915446	2.59239374113008	3.07002094388747	1.7183065867824	0.960935035366893	2.96310320301773	0.652605017904246	1.34054371939511	3.03631206013831	1.43434268367248	1.47167250917138	2.43963616017174	0.45126369033671	2.03338708276543	1.03983734100498	3.17893073043786	2.86944061788943	2.05520441431422	2.74937254820488	1.02333274129679	0.708567208242464	2.12423052323382	2.6380027771925	1.08502186713669	1.19350480778254	0.983720512053564	2.74197728687851	1.46246396652513	1.43231667619812	3.18860640535981	0.316643481144065	2.1541919183446
"AqFl2-04"	2.92404025247951	2.14136055698517	2.10674150687901	0	0.792907219697248	2.41306413698071	4.57635361691689	2.60005532081181	2.32368616889463	2.85891554796767	2.25920958272666	1.87983809547522	2.82423062849054	3.4896902640263	1.37694285614527	2.72178884278814	2.13928102106031	0.698826720117858	2.9772492557764	2.1757197019394	2.8564275635066	3.70737118292166	1.83481607716485	0.517970951047239	3.9709153975919	2.64004688422305	2.27866899461873	2.51431386118783	0.939523675551965	2.02481385237037	2.92416500198976	2.1767482972796	3.28877049614037	3.2756056605779	0.396250242386363	1.73506162034015	2.99979947959089	2.72959360224831	2.37916095693962	0.972219261351168	1.60761594078972	1.55501388440556	2.968476619953	2.12220176612814	2.72147381855486	3.57367384155171	2.03258862651111	1.03912996931195	2.51745348509692	1.44253783846529	1.72225019787862	1.59756908981928	1.91257583490009	0.576293101341712	2.43568479569505	3.39629050715665	3.25368631536116	2.82176679593561	1.74816310488515	1.89484388377737	2.19693992678349	2.05016466488282	1.91652885455954	1.99226277423749	3.10565556268127	2.42964349332389	3.27702800120308	3.14472741973983	2.55015525986873	3.46288272461477	2.37997671857533	0.247627490846907
"AqFl2-05"	2.71869810320528	1.70661047790183	2.0598180766586	0.792907219697248	0	2.21956281160369	4.30559875163552	2.49633205078779	2.04398666273068	2.69381324515491	2.02706804554123	1.17614840196149	3.00596966020274	3.71293595436929	1.67803316001246	2.75127545309732	1.87655674160633	0.42923031261663	2.79094492556631	1.80998825865541	2.8673027318118	3.8430861896237	1.67211426697709	1.27662427717524	3.71328130101597	2.23733288616991	2.18223201670774	1.81496335282085	0.369311234314033	1.97556199726316	2.7966807078376	1.7345761885401	3.3574372291937	3.49474132298931	1.1595374685324	1.55723691636306	3.3808230224832	2.8149503826079	2.28177767198249	0.633682252795537	1.11536674922865	1.14385434447053	2.833902140625	1.79453692543852	2.67741250085025	3.43728999757038	1.83091375706361	0.754233316602168	2.49158384850908	1.03337446205674	1.15930394169678	0.910203332725855	1.79303865757526	1.18790802668707	2.31191409657031	3.15351850485477	3.08995802657289	2.49574274057555	1.06226226221827	1.5128508189144	2.16918174697231	2.26321843414768	1.22178857405614	1.60541911983456	3.04407639977377	2.62257589109107	3.41720862628309	3.25359023568213	2.21697419198807	3.22498720754697	2.32792101619318	0.597452380632916
"AqFl2-06"	3.66541430536448	1.71634900878727	0.626333212755412	2.41306413698071	2.21956281160369	0	3.72749739059465	0.975274727345388	1.5814378316341	3.35354709131098	0.679145822165073	2.81626636800148	1.66116900678569	3.0830940647845	1.59703855647141	0.917561896186724	0.475399843204959	2.20925492618042	3.7165426065172	2.01152664769563	1.57973763554258	3.25063138388948	0.635992585948013	2.44317317686552	3.60024959040407	1.77075822355058	0.674544085177225	2.27825942468256	2.41212940705347	0.552445503012776	3.83799491256986	2.03553490162313	3.27677028096219	2.18544245616783	2.47168491580956	1.06202724588787	3.41865262575847	1.59530876419358	0.402691021590025	2.48226666870596	1.56619664758011	2.84820203707534	3.48773128276655	2.01894135191199	1.36456975024057	3.3587845090566	0.978886164314366	1.58429040256361	3.49262839606213	1.67073957375625	1.52519374280982	2.55914968546268	0.512189825829838	2.46771182279031	1.44956188202596	3.5257983812564	3.26390050740245	2.31592730096213	2.84170913300397	1.14787085657375	1.24079753521049	2.69523985737589	2.72503393138429	1.21883764013688	1.46333662553536	1.55462251221198	3.28885767412708	1.89453114323635	1.63290548641216	3.53575500792814	0.732137354396011	2.40412346624558
"AqFl2-07"	2.64659678651293	2.67880837884558	3.50025189306163	4.57635361691689	4.30559875163552	3.72749739059465	0	2.9199764936893	2.42496627152752	2.2933493856605	3.12551473019423	3.98245215363311	3.40988774180813	2.70645945652025	3.79134456413066	3.60719810800814	3.44395306495289	4.02823024394878	2.62856135304697	2.49772806463009	2.68636289493736	2.24154726726446	3.59102980618515	4.65424463230073	0.907025724833735	2.24266224154678	3.25364151920747	3.18317734883043	4.11891644743414	3.67856214827156	2.86777121577281	2.60288246174004	2.05253245060873	3.3728093608005	4.78393914353043	3.22334809353534	3.35750017282615	2.92287081974343	3.54087064956006	3.93383055488915	3.30330945892079	3.70989401448163	2.29717314369527	2.51270068050416	2.69330148959414	1.31430255223641	3.01878413270665	3.76322599148879	2.93514946140852	3.31372534364555	3.38301956802127	3.85403036812944	3.79406390864789	4.27963638917208	2.5019786406099	1.74213062109889	1.63484701486423	1.81321340210532	4.10645034918529	3.13315552654966	2.91067663371423	3.01937025723865	3.7806190173969	2.99730019891293	2.68993959976628	3.35579431173671	2.30906662507575	2.94231375085447	2.27960635816698	1.64552636296017	3.29465111212037	4.61424314121675
"AqFl2-08"	3.1452125227428	1.46571590144298	0.664787825256283	2.60005532081181	2.49633205078779	0.975274727345388	2.9199764936893	0	1.04803663054104	2.74698741866042	0.592056291409368	2.96474264104704	1.05030017176576	2.17699381049313	1.45474458794556	0.760556281601597	0.884621168229665	2.31913268637922	3.17692708863849	1.62071858902082	0.636400744766364	2.29930502684214	0.969293615657197	2.55951392409734	2.83192642991834	1.33884439753156	0.412670953788156	2.35166869562451	2.56848781588882	0.853643013645915	3.30966045149948	1.74041415549234	2.40278060191939	1.48117713766741	2.66611712899636	0.945160883177704	2.67335047849233	0.744979946341405	0.659467943377049	2.51791248336911	1.62071813088488	2.78311020829991	2.85531962856427	1.60176160052416	0.397623894081881	2.52975514277464	0.698436884114566	1.74631785603906	2.95974193299039	1.65013634727193	1.68326571044108	2.68175785948337	1.05547049118771	2.44127954425667	0.64460346884753	2.85749604898217	2.51650600428897	1.70283744117113	3.00740551998602	1.16041378666386	0.543552941450154	2.08970586919921	2.82628974521314	1.14067955928466	0.580693615731485	0.9572423719343	2.4096881571568	1.05836608920498	1.11095385295688	2.84761384885183	0.388630992748706	2.65322598335455
"AqFl2-09"	2.1773130068621	0.539518914411222	1.29722486061423	2.32368616889463	2.04398666273068	1.5814378316341	2.42496627152752	1.04803663054104	0	1.82671098835586	0.904600412308135	2.16812195470706	1.87183720475441	2.30711591741033	1.59652347369793	1.7636911528632	1.17043288169251	1.81523111627473	2.2209762798887	0.592741962156938	1.27011465126198	2.26970035810175	1.23548469771898	2.43655217424918	2.08790465585795	0.47559032272652	1.12238242006545	1.54946227340523	1.97605866022338	1.42792509629617	2.38267119195604	0.733281833190863	1.96621859240419	2.22768890692378	2.52595762865689	0.819814363978317	2.57682555197866	1.40961383947418	1.43551423140169	1.86957221085578	1.0002286592759	1.94722701890902	1.96142614730372	0.590194541798194	1.06954034296982	1.85445266063214	0.67123259625733	1.39189127591487	2.11488690965585	1.01492503834498	1.11126456368615	1.914772196207	1.47374765976497	2.15918765563143	0.554805167224157	1.94459373637526	1.70493056507192	0.76726183434429	2.24005468594733	0.750011319271819	0.848679054576218	1.64037546493084	1.99679682586149	0.630700845116643	1.37894001759491	1.60973984002182	2.09318480625559	1.77645186091143	0.263873327988349	1.9548351288396	1.25277322987711	2.34057328019684
"AqFl2-10"	0.499623440326226	1.80233008044712	2.95100419539112	2.85891554796767	2.69381324515491	3.35354709131098	2.2933493856605	2.74698741866042	1.82671098835586	0	2.69378333241784	2.38399744688365	3.17454395052884	2.54857916799906	2.63956017195919	3.41027000311758	2.91378631346619	2.34491657926392	0.484744668797568	1.43037254617875	2.63479199674942	2.32191713978203	2.86157654214788	2.99627813076496	1.42751795966201	1.88338369302676	2.83588065551778	2.31300739772038	2.39632428586266	3.06939173301456	0.665803144850771	1.53069389134017	1.43279168982714	3.3341270993551	3.11081291194762	2.36068391898085	2.34464361130785	2.71246561168801	3.17391024127617	2.12438633463707	2.15773445346483	1.79647900472028	0.171834895953336	1.38373281371752	2.57935442962008	1.14850386174014	2.3794632499075	2.42520580755867	0.682331564353327	2.03026861075078	2.32620458330175	2.23625846602271	3.10887407843235	2.5337854079694	2.10543706301323	0.643156640641056	0.708436136507992	1.33865803992526	2.44285099302233	2.32568129164282	2.35482121655425	1.47600779713176	2.22272934846503	2.23575943888572	2.89502576442809	2.86472524533786	1.68927564667378	2.99227219274744	1.90223799530782	0.72257188168203	2.93815604741701	2.90765295261844
"AqFl2-11"	3.02374531829378	1.11465686259857	0.555679326535871	2.25920958272666	2.02706804554123	0.679145822165073	3.12551473019423	0.592056291409368	0.904600412308135	2.69378333241784	0	2.47066230303199	1.53064508557911	2.63095497803445	1.38305175273657	1.06184055307649	0.348243057828199	1.91734190665956	3.07160684422029	1.37363339686171	1.18675996340639	2.73173331981569	0.53513006828714	2.31936994089265	2.93679450411729	1.13946594245419	0.397578866110453	1.87434447339723	2.12207989010228	0.649752254271012	3.20581153683932	1.42847179903645	2.65978052127629	2.01891271126925	2.3807762593536	0.57554429324095	2.96084398669068	1.26134732177742	0.580813052328957	2.12292376686804	1.13509248813899	2.40125813048799	2.82687125128276	1.37722878851542	0.930938152741458	2.69166305127293	0.357002850460524	1.3093387155338	2.87977189053037	1.21905947135561	1.15270968590702	2.20107547543811	0.691329977941306	2.21355633922405	0.82431195984629	2.84864522747155	2.58662938022665	1.64598166204699	2.51450565169889	0.650055651242267	0.729100071710379	2.15537296515543	2.34461550633542	0.666974756206726	1.15404992425297	1.33518616106844	2.7059142219967	1.62900562907335	0.972660746604854	2.85745697029154	0.568331311608301	2.26539032804018
"AqFl2-12"	2.25912760749483	1.65743251405517	2.73968655425782	1.87983809547522	1.17614840196149	2.81626636800148	3.98245215363311	2.96474264104704	2.16812195470706	2.38399744688365	2.47066230303199	0	3.69876060929783	4.12932855406346	2.56817832416685	3.43624886553036	2.39173351232534	1.27849240803726	2.35119735971295	1.70562749521513	3.33009724993328	4.1118215053314	2.3385685834197	2.35994848646613	3.33121865168915	2.13326301770543	2.75859300216486	1.19062512903418	0.945782086378676	2.70429999648254	2.41279948942655	1.53070792078702	3.45835539763748	4.14833124080716	2.27422240005242	2.09976883642826	3.86991158717412	3.3694597811346	2.91408936298644	1.04836172784544	1.35026853876162	0.818636748832324	2.53915737089477	1.74115452132968	3.11933838987313	3.24707860142134	2.2751025040915	1.53726273025769	2.3345037239727	1.36505871701794	1.32572176663063	0.340798250916808	2.52358272881772	2.11716022893067	2.63831278785228	2.72758454174581	2.84663908811419	2.2934162177501	0.182469513604968	1.82455189886732	2.68489524906052	2.64717406619212	0.202585223127107	1.84372340987048	3.46100508055205	3.32921235851207	3.61887130743438	3.79851362284729	2.24248370250969	2.81255685769652	2.93304563762981	1.70764304348171
"AqFl2-13"	3.60774767750933	2.32592936895973	1.1898250084025	2.82423062849054	3.00596966020274	1.66116900678569	3.40988774180813	1.05030017176576	1.87183720475441	3.17454395052884	1.53064508557911	3.69876060929783	0	1.69972292649505	1.4511800357321	0.831409692082182	1.72200322169868	2.76771948518975	3.6179439622519	2.37703464523038	0.766620138888047	2.03218727517063	1.62113805942094	2.58728197972523	3.33630416007833	2.26164493033715	1.16003411837612	3.29579653301636	3.09761602118919	1.33263835443844	3.6913134068791	2.5445205836489	2.4183289438432	0.555309329774821	2.75121314663972	1.63277499260829	2.2088232391759	0.524693432525989	1.26497651350857	3.00519770786512	2.3923185309438	3.35149545166107	3.24041595330504	2.31760950787088	0.902276815316913	2.87483931695164	1.52845886353854	2.2877611371147	3.25412598756957	2.33442765841225	2.50788477577335	3.37843218641848	1.61249655915205	2.53590110948829	1.33642612796823	3.36012996580638	2.92832071951863	2.43905870584021	3.70384968675707	2.02296857167062	1.06452037384726	2.10295432938793	3.57846299158389	2.03046715451889	0.959739929418353	0.418489989166827	2.28605666176858	0.544828904698808	2.00593166131532	3.34238004910079	1.00341220865453	2.95614006689106
"AqFl2-14"	3.02062952161199	2.78404525508236	2.53356591731989	3.4896902640263	3.71293595436929	3.0830940647845	2.70645945652025	2.17699381049313	2.30711591741033	2.54857916799906	2.63095497803445	4.12932855406346	1.69972292649505	0	2.33644589064905	2.44366271254229	2.92958804664038	3.33639628644249	2.98519065010916	2.5996293792433	1.57103618562809	0.522149440998605	2.83289358894	3.25658554129597	2.56653789528712	2.64535559730429	2.42316199434291	3.80589400375573	3.63733270015627	2.71106859398343	3.0258951327783	2.82372017786033	1.21750766530461	1.40618475331093	3.47245220314212	2.54059573925011	1.12337000700884	1.51136128077789	2.6967241997224	3.4123514665888	3.07387819274297	3.5451516469945	2.52280625679372	2.51432666370549	1.79070690271668	1.96685961578192	2.44784144531723	3.08032255388385	2.64844951681072	2.94336505636189	3.25746579957216	3.8325244329494	2.95014880178323	3.00033135743042	1.90169123152344	2.6575693447375	2.16564959606934	2.38266619797323	4.14711014603916	2.85619215132662	1.93726589717874	1.71043493071488	3.97878902098057	2.80094127617765	1.9003952761754	1.68374759105528	0.962440327337453	1.39524013054662	2.42916973625572	2.61347851291006	2.35325770321158	3.65920812548542
"AqFl2-15"	2.92970060747262	1.7573835912594	1.04546394298828	1.37694285614527	1.67803316001246	1.59703855647141	3.79134456413066	1.45474458794556	1.59652347369793	2.63956017195919	1.38305175273657	2.56817832416685	1.4511800357321	2.33644589064905	0	1.50653355507477	1.40609295327848	1.42160814019321	2.96099781381729	1.79726962709673	1.58227956363057	2.62057327861821	1.07525689616961	1.16970351484178	3.38056212862749	2.04442419859996	1.2024907750498	2.59433351244917	1.78532217615394	1.05372006415238	2.97271080552775	1.91237997629428	2.48907704967812	1.90195998881264	1.32696218467149	0.969102563918116	2.1700259609202	1.40324548487169	1.35983250819906	1.70408372672037	1.4939975384531	2.1717931341188	2.73433524244069	1.72115716252777	1.50189818616108	2.90617215961794	1.16856214071853	1.0915436997532	2.49480074274584	1.34386048027195	1.65431045550509	2.22891943023819	1.14434993879122	1.11606450772248	1.40095681001441	3.05050177901863	2.73614579613495	2.23922917993159	2.52162318631755	1.40498951163863	1.03761740489183	1.46809274622267	2.49707083384698	1.47585590006869	1.86605925132269	1.05604958920643	2.41500963820102	1.79376859785436	1.8416762917062	3.07908473340105	1.23167841723642	1.52565492684301
"AqFl2-16"	3.8019948968559	2.11884410927909	0.705323289815786	2.72178884278814	2.75127545309732	0.917561896186724	3.60719810800814	0.760556281601597	1.7636911528632	3.41027000311758	1.06184055307649	3.43624886553036	0.831409692082182	2.44366271254229	1.50653355507477	0	1.14428186943624	2.62060836602926	3.83206307688266	2.29802980127233	1.03689911322329	2.69195021838243	1.13355182559318	2.58543821825133	3.55949148392056	2.07145510781271	0.704707649031486	2.93525866924258	2.90660169438803	0.794017840454869	3.93492649599609	2.40607750941358	2.94465103588195	1.32263866294456	2.68801403528099	1.36750379455817	2.91358194886941	0.963668701690201	0.583107610614332	2.89464829467994	2.10093668163087	3.27057038358935	3.5114578979344	2.27042950646277	0.959990641085156	3.21057791023842	1.23773961590784	2.03871911981633	3.53384589162136	2.1195980860438	2.14672562789758	3.13905098547133	1.04320398610718	2.59849125690728	1.34726224679418	3.57453832851589	3.21009600177796	2.45342655370914	3.4511978987707	1.66626007650621	1.05955533942053	2.51029482548486	3.32771717562266	1.70030781891947	0.959517702615169	0.906772670093447	2.88244986908399	1.13325566459864	1.8519035721233	3.56625408200111	0.534662324585621	2.79365660571875
"AqFl2-17"	3.20763510871032	1.25094584418955	0.579298546259108	2.13928102106031	1.87655674160633	0.475399843204959	3.44395306495289	0.884621168229665	1.17043288169251	2.91378631346619	0.348243057828199	2.39173351232534	1.72200322169868	2.92958804664038	1.40609295327848	1.14428186943624	0	1.83436540565496	3.26187896092959	1.55053202270075	1.49191635058235	3.05530449618556	0.357904473495034	2.22689051383311	3.23426315492783	1.36805416350511	0.571158935147006	1.8601457821697	2.02321358916189	0.556975297723342	3.38606788772896	1.56691779572051	2.96392872500719	2.24315009957052	2.25804986638732	0.651779943305983	3.19469845869412	1.53090707606995	0.568936161516368	2.07340902038158	1.10528867230154	2.3999263400728	3.0538037891327	1.56063652655891	1.2460754850222	2.9999467464148	0.582112222836405	1.20752276363255	3.05765739691548	1.21558064858722	1.07821350139927	2.12920950347831	0.460566567060141	2.17733122807057	1.15449303214019	3.10123859106901	2.86599789939284	1.91016642935446	2.42471202600073	0.672585586361239	1.00071581873991	2.35309249531999	2.28777848983515	0.747041237536027	1.44917520430528	1.52147781062731	3.00512687515746	1.8974931789784	1.24081730461825	3.11793368245482	0.727803177477771	2.12176065664476
"AqFl2-18"	2.39949510886722	1.53501316079449	1.93754082364989	0.698826720117858	0.42923031261663	2.20925492618042	4.02823024394878	2.31913268637922	1.81523111627473	2.34491657926392	1.91734190665956	1.27849240803726	2.76771948518975	3.33639628644249	1.42160814019321	2.62060836602926	1.83436540565496	0	2.46443016808933	1.56623819688351	2.61291591116254	3.46390180185998	1.60381145439555	1.10969732881164	3.41070817602472	2.06202029325462	2.04201562453059	1.84601602645985	0.374562463189774	1.88808946716882	2.4585592236646	1.53310025403466	2.95924463288868	3.22425878668184	1.06834879464147	1.38368657501097	2.96719020498858	2.55227990329599	2.19717405501893	0.37468066587449	1.01853502298166	0.963741389126599	2.4763967051524	1.5288213101847	2.44458286454778	3.08834567212744	1.66215501955138	0.628605147126244	2.11300215812702	0.851408508387457	1.14314405571903	0.960026682526654	1.75784044287156	0.882041110204099	2.05854969044973	2.83588065918952	2.74326545522037	2.2389917436011	1.18154969146944	1.41094817482223	1.92485225407586	1.84084715644185	1.27418798414659	1.48556528097567	2.83390259110549	2.36641269864744	3.0115415504185	2.98889966392311	2.01653521361439	2.90572574503366	2.18010648694357	0.628602922942782
"AqFl2-19"	0.0963047834314106	2.10740355968751	3.33198415493115	2.9772492557764	2.79094492556631	3.7165426065172	2.62856135304697	3.17692708863849	2.2209762798887	0.484744668797568	3.07160684422029	2.35119735971295	3.6179439622519	2.98519065010916	2.96099781381729	3.83206307688266	3.26187896092959	2.46443016808933	0	1.75151824647016	3.0984811368554	2.76230328869351	3.1996323709002	3.15675576831665	1.72878111902275	2.24574274262769	3.23391811874469	2.44452909444554	2.4582548058132	3.43412830409261	0.284760055811828	1.80552420380553	1.84918634900512	3.79202478773391	3.25202979281863	2.70475358381416	2.66841177290623	3.16722031054613	3.56268934199629	2.18718175548682	2.39735014076318	1.76465460805702	0.482643037688921	1.71595568121683	3.03255317286103	1.55372385084994	2.75344257342787	2.64794166517978	0.669971347485084	2.26847909269266	2.55447249738008	2.25575008796642	3.44788097798017	2.68626299562873	2.54272873898933	0.888228102362106	1.13049571060398	1.73743164868919	2.4042034113644	2.63887452747369	2.77344843883965	1.80098842294009	2.21027843370561	2.55789424882535	3.35838325216498	3.29018329354601	2.09312921224583	3.46076386665534	2.29397682145298	0.984329576661914	3.34667342380893	3.00977195181076
"AqFl2-20"	1.69316805464056	0.375038574730897	1.74411600895443	2.1757197019394	1.80998825865541	2.01152664769563	2.49772806463009	1.62071858902082	0.592741962156938	1.43037254617875	1.37363339686171	1.70562749521513	2.37703464523038	2.5996293792433	1.79726962709673	2.29802980127233	1.55053202270075	1.56623819688351	1.75151824647016	0	1.81495055356304	2.51977387839332	1.56742687537041	2.3781610631988	1.9722767136758	0.655589598177584	1.6235570512173	1.23246390721575	1.64806570938577	1.8366560267363	1.91598290279516	0.224816967672557	1.99730922208916	2.72491069756825	2.44682949795415	1.10860856135479	2.67357520940743	1.9240655613772	1.91924884017472	1.50856276794851	0.86226152946187	1.4439165566813	1.58808748026959	0.112707831815536	1.63581365927676	1.7837822757194	1.1013936743777	1.32628009589406	1.70520274046484	0.838327260628488	0.998046241964711	1.4776213747167	1.82161343404503	2.03381294245562	1.09978996451513	1.62269217197388	1.50440927650702	0.6861888400644	1.78779829713835	0.930921993811429	1.33378248293857	1.57295719709897	1.52132781913253	0.827569358515306	1.96369288709289	2.06397300405481	2.17183918803449	2.30209452600744	0.68209333309506	1.66102090449211	1.77065125902775	2.16725878508711
"AqFl2-21"	3.08572262423637	1.78578166931042	1.14895355212292	2.8564275635066	2.8673027318118	1.57973763554258	2.68636289493736	0.636400744766364	1.27011465126198	2.63479199674942	1.18675996340639	3.33009724993328	0.766620138888047	1.57103618562809	1.58227956363057	1.03689911322329	1.49191635058235	2.61291591116254	3.0984811368554	1.81495055356304	0	1.71289906465075	1.49893773380816	2.73781069473368	2.63290094937077	1.60356022552858	0.964821525180887	2.77049793284682	2.8934502944861	1.34698802139864	3.21733212696418	1.98958269824474	1.97464778398814	1.00519444912172	2.88870650814047	1.35484020659322	2.21098416291151	0.288010011515474	1.21363885078705	2.78098135809926	2.02884786162803	3.01159291288367	2.7102272698332	1.76961510247963	0.26348250722417	2.24150244433094	1.15290531243767	2.119281533974	2.84803375964481	1.99913254212637	2.14068459145001	3.03494631542497	1.59011026025352	2.57485157544967	0.721943296291262	2.72509269372466	2.31061459938842	1.74503544201077	3.36826673724687	1.63423790453289	0.698325176637269	1.87953035450418	3.18101627776241	1.5927977748064	0.421073395684326	0.757757964464308	1.93424997914976	0.515445593947745	1.3533483331565	2.69989276372301	0.882433638372684	2.95376575534524
"AqFl2-22"	2.80395799628976	2.73617354862031	2.73829490066329	3.70737118292166	3.8430861896237	3.25063138388948	2.24154726726446	2.29930502684214	2.26970035810175	2.32191713978203	2.73173331981569	4.1118215053314	2.03218727517063	0.522149440998605	2.62057327861821	2.69195021838243	3.05530449618556	3.46390180185998	2.76230328869351	2.51977387839332	1.71289906465075	0	3.00316996843121	3.53484081513892	2.13488429039652	2.53416396694675	2.58847880556896	3.71484202531169	3.72968876819344	2.92654722823932	2.83228079068886	2.74055168799132	0.927974213054037	1.77456702330573	3.7406387216717	2.66417222085491	1.39050758326703	1.73697994194088	2.88659727751681	3.49369820423592	3.11673273711001	3.54203198013018	2.28328372312515	2.44467649115734	1.90568899227762	1.56570977161505	2.54382105125429	3.21791089609688	2.52947415396578	3.00108852634038	3.2939284193151	3.83941824279072	3.14908873954448	3.23040318239602	1.940498712001	2.32382266716712	1.83897122911869	2.18191798448203	4.14885451091487	2.91062889747669	2.08444213517126	1.81131940600502	3.94672261988542	2.83332174915436	1.99591848526056	2.00453054248332	0.76284463638244	1.63848454526816	2.35048730970591	2.26546944786762	2.54115766409824	3.85725970753624
"AqFl2-23"	3.14781711442541	1.31483048864892	0.451103529219623	1.83481607716485	1.67211426697709	0.635992585948013	3.59102980618515	0.969293615657197	1.23548469771898	2.86157654214788	0.53513006828714	2.3385685834197	1.62113805942094	2.83289358894	1.07525689616961	1.13355182559318	0.357904473495034	1.60381145439555	3.1996323709002	1.56742687537041	1.49893773380816	3.00316996843121	0	1.88520049267441	3.31786583127666	1.52463554565492	0.579825375044234	1.98476172171538	1.8378925214918	0.375098988849515	3.29596824064894	1.60256208781285	2.89467007674333	2.16080639463125	1.92521019575222	0.502023556708395	2.99365827421951	1.47482243733214	0.612206735101195	1.87842482460752	1.05754497213244	2.26901020516436	2.99593937458362	1.555361504804	1.27928601968915	3.02157521307118	0.582032212035762	0.980780366833125	2.92829521416028	1.10445483535781	1.0812635486262	2.04819514471719	0.254543183372441	1.85760837920193	1.17697828868279	3.11774326291597	2.86676726698836	1.99676424870859	2.34638007854074	0.717543232201495	0.920990069254612	2.15463109579346	2.24877589196039	0.821459358381398	1.54513292652653	1.36312193451485	2.91013274429581	1.87036728345263	1.37232250808053	3.14026421300613	0.720810383888633	1.84000398573052
"AqFl2-24"	3.11644737648995	2.36504571144441	2.05710692279798	0.517970951047239	1.27662427717524	2.44317317686552	4.65424463230073	2.55951392409734	2.43655217424918	2.99627813076496	2.31936994089265	2.35994848646613	2.58728197972523	3.25658554129597	1.16970351484178	2.58543821825133	2.22689051383311	1.10969732881164	3.15675576831665	2.3781610631988	2.73781069473368	3.53484081513892	1.88520049267441	0	4.07982026510615	2.81562696095784	2.24934633844506	2.89420443486525	1.41440144021604	1.98491511930347	3.08785505094362	2.42349646760588	3.20744717819333	3.0050921406872	0.237883784864821	1.80973252251144	2.72240976716665	2.56626566103944	2.34468395496524	1.38530367028001	1.88892898212369	1.94950027178216	3.08767792670098	2.30797728343879	2.64247872452801	3.61642643942541	2.09444700697799	1.29192798255243	2.62576110274342	1.70606870473514	2.02751216004455	2.0595242168569	1.93155946032433	0.474906146740259	2.43382518876736	3.54302243147979	3.33737213624795	2.9706986269785	2.23758477174026	2.07935157852856	2.13890490504868	1.9454545050704	2.37658028427117	2.17522249820319	3.01918399247468	2.2050553498258	3.14510729380797	2.95023975687037	2.6827349939622	3.60063397458175	2.31497069943677	0.752417497652784
"AqFl2-25"	1.75067203578972	2.24383491504225	3.30000621095274	3.9709153975919	3.71328130101597	3.60024959040407	0.907025724833735	2.83192642991834	2.08790465585795	1.42751795966201	2.93679450411729	3.33121865168915	3.33630416007833	2.56653789528712	3.38056212862749	3.55949148392056	3.23426315492783	3.41070817602472	1.72878111902275	1.9722767136758	2.63290094937077	2.13488429039652	3.31786583127666	4.07982026510615	0	1.95108636407981	3.08904017919039	2.73688060657193	3.47676821891856	3.46346010042689	1.96873945150186	2.07664604699053	1.58136839762219	3.37257129075938	4.20437882073543	2.87556783014748	2.92190067606531	2.82412053918842	3.4137464568778	3.26091929505035	2.8313073959381	2.97251404124753	1.42331901267974	1.97399920804712	2.61281672034213	0.672764230440177	2.74090038823144	3.26306829275473	2.08338897011262	2.80024768768952	2.94139735816743	3.21039206322312	3.55046195914376	3.66309597944673	2.2752479842691	0.843200807550709	0.833551156371039	1.3643462652689	3.44327224687087	2.78362462883505	2.66711821225197	2.41106473443229	3.1356412616169	2.65252452788663	2.74778832372258	3.17572898051141	1.89600482368945	2.95324590046094	2.00305962456084	0.744667283467421	3.16012614385304	4.00861767722821
"AqFl2-26"	2.19432604597333	0.54020868081174	1.63395503459519	2.64004688422305	2.23733288616991	1.77075822355058	2.24266224154678	1.33884439753156	0.47559032272652	1.88338369302676	1.13946594245419	2.13326301770543	2.26164493033715	2.64535559730429	2.04442419859996	2.07145510781271	1.36805416350511	2.06202029325462	2.24574274262769	0.655589598177584	1.60356022552858	2.53416396694675	1.52463554565492	2.81562696095784	1.95108636407981	0	1.43973747910504	1.29075546164323	2.14792042678884	1.74867298100584	2.4485381751205	0.689475643811489	2.19381944874458	2.59887184083426	2.88110260854862	1.18025360113008	2.97338230380366	1.79089050915325	1.7054176117145	2.06787750195763	1.13631668261264	2.04338535966751	2.02825524947993	0.725394630286415	1.39679162703197	1.87681447789686	1.0157028665315	1.66472417874691	2.27829090125509	1.2252026558161	1.1753268715861	1.93924801425591	1.75405356592894	2.53303389316683	0.948862696208867	1.87813992923715	1.72866893851163	0.636961202271835	2.23938507083264	0.930074458648843	1.28026321325098	2.02576282525264	1.94756027861962	0.791258432007299	1.61664440568543	2.04043797409585	2.37094626825587	2.11471672167871	0.259590509045843	1.8856730815463	1.57733843144307	2.62137641568453
"AqFl2-27"	3.19454880226101	1.42291814846892	0.268499562160327	2.27866899461873	2.18223201670774	0.674544085177225	3.25364151920747	0.412670953788156	1.12238242006545	2.83588065551778	0.397578866110453	2.75859300216486	1.16003411837612	2.42316199434291	1.2024907750498	0.704707649031486	0.571158935147006	2.04201562453059	3.23391811874469	1.6235570512173	0.964821525180887	2.58847880556896	0.579825375044234	2.24934633844506	3.08904017919039	1.43973747910504	0	2.25074977045846	2.29780310482095	0.448439390200988	3.34814295937898	1.71531590199226	2.62094548194894	1.67318406754337	2.33626529095796	0.697841213539367	2.77305413930414	0.972868476285768	0.351054869466471	2.28102254588439	1.41227213222174	2.61155190178432	2.95449039026344	1.60374174838808	0.747263115063674	2.7755235012396	0.538266533284784	1.44348124055451	2.97744762149205	1.44324229358639	1.46437521361812	2.46705839685093	0.646632877140285	2.17951676896612	0.837266508220023	3.01743616948166	2.70393917975056	1.8633380183809	2.78459634388222	0.968326132849389	0.577530267564688	2.0994900633255	2.64042950567872	0.997843662059138	0.97231478095596	0.984289321006794	2.62004692445573	1.33462492658533	1.23069122541971	3.02101389811048	0.181835291287586	2.32178861520638
"AqFl2-28"	2.35779657096757	1.04100021338394	2.33159085013138	2.51431386118783	1.81496335282085	2.27825942468256	3.18317734883043	2.35166869562451	1.54946227340523	2.31300739772038	1.87434447339723	1.19062512903418	3.29579653301636	3.80589400375573	2.59433351244917	2.93525866924258	1.8601457821697	1.84601602645985	2.44452909444554	1.23246390721575	2.77049793284682	3.71484202531169	1.98476172171538	2.89420443486525	2.73688060657193	1.29075546164323	2.25074977045846	0	1.69859143283413	2.34007411049249	2.62354627237556	1.01150515321809	3.19026368468126	3.72460765269372	2.86025515657892	1.76113265526825	3.88091845449498	2.90042874318664	2.40570566757616	1.75225803381751	1.10784044790539	1.59039313254566	2.4841507122469	1.33094454008105	2.53329794876935	2.79308589552625	1.78109074815144	1.67010573701423	2.57586591635164	1.28240053644635	0.986487960154441	1.1817545075483	2.18709718796239	2.64764881048541	2.07848321692059	2.40584433492973	2.49192680444054	1.6170549936093	1.34860633084926	1.32311961094367	2.25214898435769	2.72082116840163	1.03434478356216	1.27879832716899	2.78066542369992	3.00962647715604	3.38997643504105	3.28236928602158	1.48679960432022	2.45902070966096	2.42924741785832	2.38267506194973
"AqFl2-29"	2.38422599539212	1.60784391157916	2.20890539851391	0.939523675551965	0.369311234314033	2.41212940705347	4.11891644743414	2.56848781588882	1.97605866022338	2.39632428586266	2.12207989010228	0.945782086378676	3.09761602118919	3.63733270015627	1.78532217615394	2.90660169438803	2.02321358916189	0.374562463189774	2.4582548058132	1.64806570938577	2.8934502944861	3.72968876819344	1.8378925214918	1.41440144021604	3.47676821891856	2.14792042678884	2.29780310482095	1.69859143283413	0	2.15415487738915	2.45877342036672	1.56816675539183	3.17060482554309	3.55831467151999	1.33343612406942	1.62551553819953	3.27040239701559	2.85701413730291	2.44454455483072	0.315206220233788	1.09619892040885	0.77788754193414	2.53528203378097	1.63056668335904	2.71028066201613	3.21303852917139	1.8849717326802	0.869243949472629	2.18155477330594	0.982326396211908	1.17266209133331	0.660161050405093	1.99576207587271	1.2047453477399	2.29329616293648	2.87058084734013	2.84120922517607	2.32696224930301	0.828385268898826	1.55304103669386	2.20432367162804	2.1071998496163	0.97796351822071	1.61907335417327	3.09061391282322	2.70185892280738	3.25192523043354	3.29604604096551	2.14670785080742	2.94785681737319	2.44887314823509	0.791778531705624
"AqFl2-30"	3.38965298155287	1.61257770240465	0.200557421413277	2.02481385237037	1.97556199726316	0.552445503012776	3.67856214827156	0.853643013645915	1.42792509629617	3.06939173301456	0.649752254271012	2.70429999648254	1.33263835443844	2.71106859398343	1.05372006415238	0.794017840454869	0.556975297723342	1.88808946716882	3.43412830409261	1.8366560267363	1.34698802139864	2.92654722823932	0.375098988849515	1.98491511930347	3.46346010042689	1.74867298100584	0.448439390200988	2.34007411049249	2.15415487738915	0	3.52458616136896	1.90118500800554	2.93110744354254	1.88405494318924	2.0479523727786	0.752617229591287	2.93362914706472	1.28381445388753	0.364359423742164	2.17992021794341	1.41596395620192	2.591585546969	3.19238964517638	1.81424711444541	1.16112576206719	3.13242728405964	0.761382981843312	1.28726822752177	3.13074789413569	1.43965722886537	1.45244196711596	2.40701387264167	0.280532137880208	1.99946367794016	1.21934518933658	3.31602273117052	3.02128673006774	2.19339385887846	2.70644564589593	1.05064559928728	0.889163862970343	2.23420646843719	2.6151189717194	1.13332281378228	1.38133151576537	1.12704704536526	2.91174384801263	1.64222569504455	1.56317013146144	3.33016617714611	0.499270701012003	2.06172550905693
"AqFl2-31"	0.33093794217134	2.27108628232018	3.42839977749485	2.92416500198976	2.7966807078376	3.83799491256986	2.86777121577281	3.30966045149948	2.38267119195604	0.665803144850771	3.20581153683932	2.41279948942655	3.6913134068791	3.0258951327783	2.97271080552775	3.93492649599609	3.38606788772896	2.4585592236646	0.284760055811828	1.91598290279516	3.21733212696418	2.83228079068886	3.29596824064894	3.08785505094362	1.96873945150186	2.4485381751205	3.34814295937898	2.62354627237556	2.45877342036672	3.52458616136896	0	1.97527668115682	1.911317823391	3.86090586370055	3.18640941691947	2.80331339386754	2.60309566823931	3.26290159030148	3.67545223082824	2.17494880683813	2.50521737963007	1.76728446228346	0.629105730131447	1.86975729548102	3.16038555782504	1.73558289761458	2.87510360758183	2.69513137563318	0.535763755112952	2.35560220768159	2.67284488203189	2.31106833929541	3.53913950717913	2.61422675289748	2.67897307212608	1.13943274530177	1.32639026327493	1.95791821370262	2.44592919347582	2.7682885844193	2.87650878044059	1.76811921637506	2.28884286060522	2.69756738008015	3.50108837177644	3.35151849717563	2.125416052974	3.55956307445972	2.47969545544383	1.22922214899557	3.45721337560359	2.96834355396102
"AqFl2-32"	1.73825477656369	0.325183327673294	1.82664065810428	2.1767482972796	1.7345761885401	2.03553490162313	2.60288246174004	1.74041415549234	0.733281833190863	1.53069389134017	1.42847179903645	1.53070792078702	2.5445205836489	2.82372017786033	1.91237997629428	2.40607750941358	1.56691779572051	1.53310025403466	1.80552420380553	0.224816967672557	1.98958269824474	2.74055168799132	1.60256208781285	2.42349646760588	2.07664604699053	0.689475643811489	1.71531590199226	1.01150515321809	1.56816675539183	1.90118500800554	1.97527668115682	0	2.20600830926578	2.91239883703294	2.47119946522177	1.17717338834369	2.88465524415132	2.10230185653904	1.98705364363723	1.45751960325256	0.78354079666407	1.36006189997867	1.69579922709949	0.322095218624637	1.79505503829853	1.9444566868859	1.18410436304594	1.31023137623377	1.80220238017505	0.802598688617831	0.884704515851604	1.32474826172868	1.85426814317798	2.09056938614249	1.26843924827757	1.71031554904129	1.64891499954847	0.807948228760376	1.62616642250326	0.918727932080741	1.48748544189039	1.75977741700691	1.34184599011488	0.821375576612099	2.11101437231046	2.2318283817242	2.3881996695771	2.48535850180556	0.779134065495175	1.75507154145355	1.87358907558338	2.14287062367796
"AqFl2-33"	1.89735300032323	2.30270075101559	2.76043785424818	3.28877049614037	3.3574372291937	3.27677028096219	2.05253245060873	2.40278060191939	1.96621859240419	1.43279168982714	2.65978052127629	3.45835539763748	2.4183289438432	1.21750766530461	2.48907704967812	2.94465103588195	2.96392872500719	2.95924463288868	1.84918634900512	1.99730922208916	1.97464778398814	0.927974213054037	2.89467007674333	3.20744717819333	1.58136839762219	2.19381944874458	2.62094548194894	3.19026368468126	3.17060482554309	2.93110744354254	1.911317823391	2.20600830926578	0	2.35281217522858	3.39572394354377	2.45327946412428	1.35308826271428	2.01738152538584	2.96307020135516	2.90186156343437	2.69497568988837	2.83676471637144	1.37452868463668	1.9173052611425	2.06810102046406	0.91186614820171	2.38958018852676	2.84070941235946	1.64642147732743	2.55531947045874	2.88764593850273	3.21585537206005	3.092866260583	2.81744736921196	1.8505455478426	1.50875057325522	1.04336813040084	1.69569229707442	3.49749982582849	2.62374847269862	2.05637464141199	1.28533807762557	3.29376926343898	2.5369786560316	2.29271635368071	2.23377797120808	0.324649947437877	2.11634916301385	2.0647728959653	1.46835699198179	2.63593197342996	3.41841158338191
"AqFl2-34"	3.7950474889691	2.72342089663404	1.73327678356405	3.2756056605779	3.49474132298931	2.18544245616783	3.3728093608005	1.48117713766741	2.22768890692378	3.3341270993551	2.01891271126925	4.14833124080716	0.555309329774821	1.40618475331093	1.90195998881264	1.32263866294456	2.24315009957052	3.22425878668184	3.79202478773391	2.72491069756825	1.00519444912172	1.77456702330573	2.16080639463125	3.0050921406872	3.37257129075938	2.59887184083426	1.67318406754337	3.72460765269372	3.55831467151999	1.88405494318924	3.86090586370055	2.91239883703294	2.35281217522858	0	3.18885362093616	2.12280490694391	2.08851643686643	0.82495486405674	1.79265349630099	3.43590859006157	2.86147400394871	3.74513354230623	3.37513810279323	2.66004640713547	1.23143523533815	2.88483314452296	2.0009110418736	2.78127488127036	3.43068518802684	2.79123461930565	2.9894322106496	3.82874297193893	2.16396188258547	2.92782132137781	1.67458101041548	3.47665793428223	3.01117682997653	2.67800935897646	4.15734980502801	2.49984732226996	1.49493231037544	2.27180927766285	4.01853411827556	2.48960146825776	1.19006305756055	0.875956705916107	2.17808795074555	0.520619191890837	2.34410439548192	3.44572814406108	1.52042689837496	3.42515697444302
"AqFl2-35"	3.20625412164379	2.41098644163206	2.13742502368245	0.396250242386363	1.1595374685324	2.47168491580956	4.78393914353043	2.66611712899636	2.52595762865689	3.11081291194762	2.3807762593536	2.27422240005242	2.75121314663972	3.47245220314212	1.32696218467149	2.68801403528099	2.25804986638732	1.06834879464147	3.25202979281863	2.44682949795415	2.88870650814047	3.7406387216717	1.92521019575222	0.237883784864821	4.20437882073543	2.88110260854862	2.33626529095796	2.86025515657892	1.33343612406942	2.0479523727786	3.18640941691947	2.47119946522177	3.39572394354377	3.18885362093616	0	1.87984189304066	2.95274685452314	2.72738145962637	2.41121338148169	1.35226897087928	1.89283153797398	1.93005894699931	3.20942677559759	2.38497643852455	2.77729353737444	3.76551579374175	2.17169997602027	1.28790058339301	2.74525118115225	1.72685854211614	2.01100984260679	1.98911048112418	1.96337665831321	0.618273468199621	2.55726904253406	3.65517046507557	3.47255665688679	3.06562875071441	2.1430140543639	2.11051944058595	2.26801074841586	2.13631921414105	2.30859274236084	2.21366370157138	3.15011767823312	2.37263260554015	3.34659194428472	3.11970180104788	2.76327895716533	3.71635510808147	2.41164309647693	0.594485464160975
"AqFl2-36"	2.65542006165692	0.921352659157251	0.699888271206573	1.73506162034015	1.55723691636306	1.06202724588787	3.22334809353534	0.945160883177704	0.819814363978317	2.36068391898085	0.57554429324095	2.09976883642826	1.63277499260829	2.54059573925011	0.969102563918116	1.36750379455817	0.651779943305983	1.38368657501097	2.70475358381416	1.10860856135479	1.35484020659322	2.66417222085491	0.502023556708395	1.80973252251144	2.87556783014748	1.18025360113008	0.697841213539367	1.76113265526825	1.62551553819953	0.752617229591287	2.80331339386754	1.17717338834369	2.45327946412428	2.12280490694391	1.87984189304066	0	2.65315228389104	1.35522194742142	0.936632916967248	1.59374150114601	0.768755561040029	1.91572246484374	2.49411474682646	1.08095220555672	1.13849926916416	2.56110707804514	0.298052009032552	0.807811162610745	2.43998591246002	0.754662158254675	0.881315494158134	1.7943766594582	0.748477839107588	1.65761513896586	0.847738554059858	2.63125617146075	2.38247870617634	1.56326167458214	2.11736084257477	0.464752926055042	0.676509970061831	1.72205406345698	1.98397364058744	0.526582477964006	1.48890948091838	1.30871722276348	2.49293245562696	1.78645069784809	1.01321935094376	2.65644311881493	0.855989927391123	1.75785828938471
"AqFl2-37"	2.71069842496434	2.91521566515524	2.80052244814617	2.99979947959089	3.3808230224832	3.41865262575847	3.35750017282615	2.67335047849233	2.57682555197866	2.34464361130785	2.96084398669068	3.86991158717412	2.2088232391759	1.12337000700884	2.1700259609202	2.91358194886941	3.19469845869412	2.96719020498858	2.66841177290623	2.67357520940743	2.21098416291151	1.39050758326703	2.99365827421951	2.72240976716665	2.92190067606531	2.97338230380366	2.77305413930414	3.88091845449498	3.27040239701559	2.93362914706472	2.60309566823931	2.88465524415132	1.35308826271428	2.08851643686643	2.95274685452314	2.65315228389104	0	2.07065019636226	3.05647847141452	3.00749145819684	3.05437765089859	3.15255551805827	2.29548484378992	2.56565035046708	2.35910590117318	2.24952159511426	2.68540944100568	2.91346832944331	2.14968923503893	2.85606390248904	3.27267796599395	3.57076743483553	3.12408294795001	2.43733197202549	2.29780641331104	2.68692176405898	2.26419598985706	2.66696422772283	3.84658905881299	2.99886677586058	2.24305224116651	1.22498713885864	3.75354851388137	2.97003262813368	2.6207974157405	2.01400365088737	1.06412496198738	2.14428856272262	2.77411987261209	2.6788644860101	2.74075789221471	3.20353323672613
"AqFl2-38"	3.15611783535754	1.90161670164144	1.09672741373262	2.72959360224831	2.8149503826079	1.59530876419358	2.92287081974343	0.744979946341405	1.40961383947418	2.71246561168801	1.26134732177742	3.3694597811346	0.524693432525989	1.51136128077789	1.40324548487169	0.963668701690201	1.53090707606995	2.55227990329599	3.16722031054613	1.9240655613772	0.288010011515474	1.73697994194088	1.47482243733214	2.56626566103944	2.82412053918842	1.79089050915325	0.972868476285768	2.90042874318664	2.85701413730291	1.28381445388753	3.26290159030148	2.10230185653904	2.01738152538584	0.82495486405674	2.72738145962637	1.35522194742142	2.07065019636226	0	1.20288778271395	2.74247167122131	2.07006827960618	3.01678142125169	2.7831260022856	1.86714241760305	0.452732876564204	2.38521676943299	1.20436403453425	2.07499899545903	2.85872162836203	2.01650380683488	2.19489265403898	3.06029175720587	1.54460664833527	2.42846820700509	0.857613495724416	2.86014060880832	2.43561504986892	1.92600864173541	3.39232654020713	1.69980910232368	0.694123689370204	1.79932783349373	3.2312901448519	1.67793550498706	0.643118484353136	0.484842289135491	1.93707988946993	0.44041247411487	1.53358011737817	2.84027401413376	0.86735404751373	2.8446816528745
"AqFl2-39"	3.52015931601152	1.68019748801937	0.322108310269285	2.37916095693962	2.28177767198249	0.402691021590025	3.54087064956006	0.659467943377049	1.43551423140169	3.17391024127617	0.580813052328957	2.91408936298644	1.26497651350857	2.6967241997224	1.35983250819906	0.583107610614332	0.568936161516368	2.19717405501893	3.56268934199629	1.91924884017472	1.21363885078705	2.88659727751681	0.612206735101195	2.34468395496524	3.4137464568778	1.7054176117145	0.351054869466471	2.40570566757616	2.44454455483072	0.364359423742164	3.67545223082824	1.98705364363723	2.96307020135516	1.79265349630099	2.41121338148169	0.936632916967248	3.05647847141452	1.20288778271395	0	2.46648737830031	1.59592970608389	2.83321054499045	3.29580856734486	1.90795708187377	1.01971536631002	3.11817138243685	0.823520452491967	1.58164068625267	3.30356380953274	1.65207674781768	1.6106840812654	2.63143137699358	0.538939820776594	2.34079722358143	1.18073764369032	3.3545043198602	3.04968666927979	2.17784520471734	2.93493547938649	1.1573330034611	0.918599980498382	2.41545574732583	2.8105480850652	1.21052821681825	1.14497756120986	1.1585801069869	2.95208574746394	1.50769047135422	1.51971244290282	3.35880494489091	0.346431126533965	2.40943793648883
"AqFl2-40"	2.11771988377706	1.53693371281897	2.20926686739836	0.972219261351168	0.633682252795537	2.48226666870596	3.93383055488915	2.51791248336911	1.86957221085578	2.12438633463707	2.12292376686804	1.04836172784544	3.00519770786512	3.4123514665888	1.70408372672037	2.89464829467994	2.07340902038158	0.37468066587449	2.18718175548682	1.50856276794851	2.78098135809926	3.49369820423592	1.87842482460752	1.38530367028001	3.26091929505035	2.06787750195763	2.28102254588439	1.75225803381751	0.315206220233788	2.17992021794341	2.17494880683813	1.45751960325256	2.90186156343437	3.43590859006157	1.35226897087928	1.59374150114601	3.00749145819684	2.74247167122131	2.46648737830031	0	1.11033926968747	0.599974691918022	2.25643526762764	1.47554884628169	2.61512863740977	2.96866564170302	1.84679502802226	0.910844688386389	1.87673729860573	0.943959009420634	1.23746495983196	0.747971572053741	2.05702906389187	1.07973306344788	2.17868907889637	2.62859100048535	2.59058616695918	2.16837528047618	0.950093952435601	1.55994705763271	2.10912426898155	1.83380402000878	1.04064481353656	1.60806262494732	3.00917939951246	2.59970508525827	2.98357228452009	3.17623661782647	2.05536666820572	2.70684857219908	2.42625402229103	0.898195997823629
"AqFl2-41"	2.32722552233056	0.631751227091747	1.4186090915446	1.60761594078972	1.11536674922865	1.56619664758011	3.30330945892079	1.62071813088488	1.0002286592759	2.15773445346483	1.13509248813899	1.35026853876162	2.3923185309438	3.07387819274297	1.4939975384531	2.10093668163087	1.10528867230154	1.01853502298166	2.39735014076318	0.86226152946187	2.02884786162803	3.11673273711001	1.05754497213244	1.88892898212369	2.8313073959381	1.13631668261264	1.41227213222174	1.10784044790539	1.09619892040885	1.41596395620192	2.50521737963007	0.78354079666407	2.69497568988837	2.86147400394871	1.89283153797398	0.768755561040029	3.05437765089859	2.07006827960618	1.59592970608389	1.11033926968747	0	1.31757385965141	2.31621353236715	0.88094428479675	1.80392607731492	2.62425585398435	0.927670076122352	0.620785733248246	2.23470710996491	0.245914910357759	0.227561552317463	1.06868834846186	1.28391903294461	1.67159806446476	1.3754439858709	2.44949013683324	2.34200910263901	1.50442641958176	1.38895414694194	0.495371663540735	1.37620538614371	1.92442773436434	1.22843261353281	0.538072514054509	2.14000886549152	2.05376908283732	2.80366337365178	2.49814128462411	1.1285901820554	2.49837330874063	1.58735404133062	1.54084373588491
"AqFl2-42"	1.6843951820306	1.5522431069965	2.59239374113008	1.55501388440556	1.14385434447053	2.84820203707534	3.70989401448163	2.78311020829991	1.94722701890902	1.79647900472028	2.40125813048799	0.818636748832324	3.35149545166107	3.5451516469945	2.1717931341188	3.27057038358935	2.3999263400728	0.963741389126599	1.76465460805702	1.4439165566813	3.01159291288367	3.54203198013018	2.26901020516436	1.94950027178216	2.97251404124753	2.04338535966751	2.61155190178432	1.59039313254566	0.77788754193414	2.591585546969	1.76728446228346	1.36006189997867	2.83676471637144	3.74513354230623	1.93005894699931	1.91572246484374	3.15255551805827	3.01678142125169	2.83321054499045	0.599974691918022	1.31757385965141	0	1.93256400963111	1.42864167216875	2.84626757508948	2.7604094335069	2.11504470997887	1.37501289583621	1.59667530352427	1.19056153941433	1.42768049142054	0.640415382607984	2.47823738629658	1.58882146436192	2.34969164868276	2.27616251529236	2.34163101528029	2.03011577525386	0.775339026683319	1.7883618370153	2.3840370367483	1.94594704423214	0.770481041713029	1.79479921642583	3.23108380941341	2.95383936936076	2.97402435329595	3.43812978306981	2.08929813649153	2.36573107548026	2.76626025613753	1.47814437099964
"AqFl2-43"	0.528840229987011	1.96152091033577	3.07002094388747	2.968476619953	2.833902140625	3.48773128276655	2.29717314369527	2.85531962856427	1.96142614730372	0.171834895953336	2.82687125128276	2.53915737089477	3.24041595330504	2.52280625679372	2.73433524244069	3.5114578979344	3.0538037891327	2.4763967051524	0.482643037688921	1.58808748026959	2.7102272698332	2.28328372312515	2.99593937458362	3.08767792670098	1.42331901267974	2.02825524947993	2.95449039026344	2.4841507122469	2.53528203378097	3.19238964517638	0.629105730131447	1.69579922709949	1.37452868463668	3.37513810279323	3.20942677559759	2.49411474682646	2.29548484378992	2.7831260022856	3.29580856734486	2.25643526762764	2.31621353236715	1.93256400963111	0	1.53779263240933	2.66950365669412	1.11849547579901	2.51090594483936	2.56620125533708	0.67273619533818	2.18279152744686	2.48854916524259	2.3919664911125	3.24104320916286	2.62213751064795	2.21157399786863	0.650015857717417	0.704021043562401	1.46698927003183	2.5938738934152	2.47659327240096	2.45831819990268	1.50327377026672	2.38148392463049	2.38697462869906	2.98006612005616	2.9367871126694	1.6311678645903	3.04703251201262	2.03870839215794	0.720053003445927	3.05021290832874	3.02627725267415
"AqFl2-44"	1.66088567455515	0.447879168338004	1.7183065867824	2.12220176612814	1.79453692543852	2.01894135191199	2.51270068050416	1.60176160052416	0.590194541798194	1.38373281371752	1.37722878851542	1.74115452132968	2.31760950787088	2.51432666370549	1.72115716252777	2.27042950646277	1.56063652655891	1.5288213101847	1.71595568121683	0.112707831815536	1.76961510247963	2.44467649115734	1.555361504804	2.30797728343879	1.97399920804712	0.725394630286415	1.60374174838808	1.33094454008105	1.63056668335904	1.81424711444541	1.86975729548102	0.322095218624637	1.9173052611425	2.66004640713547	2.38497643852455	1.08095220555672	2.56565035046708	1.86714241760305	1.90795708187377	1.47554884628169	0.88094428479675	1.42864167216875	1.53779263240933	0	1.5997433475176	1.74781539279052	1.08570666358358	1.29911444353435	1.63340818199748	0.826946219150872	1.0366683889277	1.50000257847662	1.80964856551462	1.95586960656947	1.06137176538148	1.60788393771008	1.46645056866463	0.710334816153646	1.81379656688079	0.950669922522979	1.2826243211091	1.46070046229418	1.56123170430026	0.854067750652385	1.94068837054267	1.99621736311645	2.08367268060577	2.24789771887472	0.71609032713318	1.64638243849322	1.74590564282364	2.12525551129724
"AqFl2-45"	3.01197165006598	1.56890053586847	0.960935035366893	2.72147381855486	2.67741250085025	1.36456975024057	2.69330148959414	0.397623894081881	1.06954034296982	2.57935442962008	0.930938152741458	3.11933838987313	0.902276815316913	1.79070690271668	1.50189818616108	0.959990641085156	1.2460754850222	2.44458286454778	3.03255317286103	1.63581365927676	0.26348250722417	1.90568899227762	1.27928601968915	2.64247872452801	2.61281672034213	1.39679162703197	0.747263115063674	2.53329794876935	2.71028066201613	1.16112576206719	3.16038555782504	1.79505503829853	2.06810102046406	1.23143523533815	2.77729353737444	1.13849926916416	2.35910590117318	0.452732876564204	1.01971536631002	2.61512863740977	1.80392607731492	2.84626757508948	2.66950365669412	1.5997433475176	0	2.25917919867813	0.913264045859059	1.92576936221052	2.80275075133906	1.79348597918834	1.90290552668631	2.82960211164327	1.38503453598672	2.48127581087005	0.539207920158469	2.6745521848715	2.29009706149471	1.61364734192618	3.16175643414892	1.38982465287434	0.528302672966385	1.88874038960891	2.97085049233958	1.34839338507341	0.415049267405586	0.82587577611488	2.05852596476248	0.759160739636167	1.14764443016632	2.65565390114048	0.695503276996506	2.80082168847694
"AqFl2-46"	1.59000737591685	2.09499200310436	2.96310320301773	3.57367384155171	3.43728999757038	3.3587845090566	1.31430255223641	2.52975514277464	1.85445266063214	1.14850386174014	2.69166305127293	3.24707860142134	2.87483931695164	1.96685961578192	2.90617215961794	3.21057791023842	2.9999467464148	3.08834567212744	1.55372385084994	1.7837822757194	2.24150244433094	1.56570977161505	3.02157521307118	3.61642643942541	0.672764230440177	1.87681447789686	2.7755235012396	2.79308589552625	3.21303852917139	3.13242728405964	1.73558289761458	1.9444566868859	0.91186614820171	2.88483314452296	3.76551579374175	2.56110707804514	2.24952159511426	2.38521676943299	3.11817138243685	2.96866564170302	2.62425585398435	2.7604094335069	1.11849547579901	1.74781539279052	2.25917919867813	0	2.45317106823898	2.95320161738205	1.69834833308444	2.54465322488236	2.77507504219246	3.06968134028774	3.2483622514127	3.20026169256822	1.93853123924455	0.831719723545521	0.451032502140552	1.26568144138507	3.32962006574734	2.57132491843144	2.2801308951559	1.82447060171133	3.05998717151148	2.45362789332994	2.44301150816374	2.69517428070864	1.23032227059707	2.51685966765378	1.84858184898207	0.74903587320355	2.82941666616027	3.64668698403434
"AqFl2-47"	2.70722604608362	0.898309529994613	0.652605017904246	2.03258862651111	1.83091375706361	0.978886164314366	3.01878413270665	0.698436884114566	0.67123259625733	2.3794632499075	0.357002850460524	2.2751025040915	1.52845886353854	2.44784144531723	1.16856214071853	1.23773961590784	0.582112222836405	1.66215501955138	2.75344257342787	1.1013936743777	1.15290531243767	2.54382105125429	0.582032212035762	2.09444700697799	2.74090038823144	1.0157028665315	0.538266533284784	1.78109074815144	1.8849717326802	0.761382981843312	2.87510360758183	1.18410436304594	2.38958018852676	2.0009110418736	2.17169997602027	0.298052009032552	2.68540944100568	1.20436403453425	0.823520452491967	1.84679502802226	0.927670076122352	2.11504470997887	2.51090594483936	1.08570666358358	0.913264045859059	2.45317106823898	0	1.09118478769855	2.53344578757648	0.956284061368609	1.01029913164891	1.98662112084469	0.809830529141048	1.93554277435546	0.638961719249309	2.58165789874687	2.31626360234485	1.43848842872274	2.31186154300455	0.50060013356252	0.544986780898482	1.81530091282204	2.14348070301512	0.504488691101869	1.23758883903528	1.25475869393986	2.4392823867359	1.61650505981785	0.824287660916209	2.59639048933537	0.703585239692654	2.05458986433664
"AqFl2-48"	2.58534409312837	1.18401717336981	1.34054371939511	1.03912996931195	0.754233316602168	1.58429040256361	3.76322599148879	1.74631785603906	1.39189127591487	2.42520580755867	1.3093387155338	1.53726273025769	2.2877611371147	3.08032255388385	1.0915436997532	2.03871911981633	1.20752276363255	0.628605147126244	2.64794166517978	1.32628009589406	2.119281533974	3.21791089609688	0.980780366833125	1.29192798255243	3.26306829275473	1.66472417874691	1.44348124055451	1.67010573701423	0.869243949472629	1.28726822752177	2.69513137563318	1.31023137623377	2.84070941235946	2.78127488127036	1.28790058339301	0.807811162610745	2.91346832944331	2.07499899545903	1.58164068625267	0.910844688386389	0.620785733248246	1.37501289583621	2.56620125533708	1.29911444353435	1.92576936221052	2.95320161738205	1.09118478769855	0	2.33692032412757	0.509219789043714	0.739946492656305	1.21211248543062	1.14725608483827	1.15152895011507	1.58570228746329	2.82456651279739	2.66972546458336	1.97418557515591	1.49981990561987	0.861106884289893	1.42114817533681	1.83630881807419	1.48144357305118	0.963400535354664	2.29105746833916	1.91419557606421	2.88723942202612	2.51400525528578	1.58692960838572	2.87726524695628	1.58991924561036	1.00132186886028
"AqFl2-49"	0.688495419499142	2.05855176886889	3.03631206013831	2.51745348509692	2.49158384850908	3.49262839606213	2.93514946140852	2.95974193299039	2.11488690965585	0.682331564353327	2.87977189053037	2.3345037239727	3.25412598756957	2.64844951681072	2.49480074274584	3.53384589162136	3.05765739691548	2.11300215812702	0.669971347485084	1.70520274046484	2.84803375964481	2.52947415396578	2.92829521416028	2.62576110274342	2.08338897011262	2.27829090125509	2.97744762149205	2.57586591635164	2.18155477330594	3.13074789413569	0.535763755112952	1.80220238017505	1.64642147732743	3.43068518802684	2.74525118115225	2.43998591246002	2.14968923503893	2.85872162836203	3.30356380953274	1.87673729860573	2.23470710996491	1.59667530352427	0.67273619533818	1.63340818199748	2.80275075133906	1.69834833308444	2.53344578757648	2.33692032412757	0	2.05191974656017	2.42839088030233	2.16417955437835	3.16126361580275	2.1510953814341	2.34425167523367	1.31071214247358	1.30434531654421	1.83467867152731	2.34340821279303	2.47805276314708	2.48711180575241	1.25720214403439	2.21449680974979	2.42082981813991	3.16557305294265	2.90114977341427	1.80650817124732	3.1653093703976	2.25897435961968	1.38729080320526	3.07561622716558	2.59268641237963
"AqFl2-50"	2.20202352540856	0.707777126984249	1.43434268367248	1.44253783846529	1.03337446205674	1.67073957375625	3.31372534364555	1.65013634727193	1.01492503834498	2.03026861075078	1.21905947135561	1.36505871701794	2.33442765841225	2.94336505636189	1.34386048027195	2.1195980860438	1.21558064858722	0.851408508387457	2.26847909269266	0.838327260628488	1.99913254212637	3.00108852634038	1.10445483535781	1.70606870473514	2.80024768768952	1.2252026558161	1.44324229358639	1.28240053644635	0.982326396211908	1.43965722886537	2.35560220768159	0.802598688617831	2.55531947045874	2.79123461930565	1.72685854211614	0.754662158254675	2.85606390248904	2.01650380683488	1.65207674781768	0.943959009420634	0.245914910357759	1.19056153941433	2.18279152744686	0.826946219150872	1.79348597918834	2.54465322488236	0.956284061368609	0.509219789043714	2.05191974656017	0	0.466201129444468	1.05268811956639	1.33375241862656	1.45475570485148	1.35336054712094	2.37434350050787	2.25015868555768	1.50576316908386	1.38217363248354	0.625883394838929	1.32942686466393	1.71111246645769	1.24844282099055	0.664761004497853	2.15734243062123	1.9717598966752	2.65177216897037	2.4510186363314	1.18762045027525	2.42627879516785	1.60814033421673	1.40128105111875
"AqFl2-51"	2.48071037717563	0.711302766312041	1.47167250917138	1.72225019787862	1.15930394169678	1.52519374280982	3.38301956802127	1.68326571044108	1.11126456368615	2.32620458330175	1.15270968590702	1.32572176663063	2.50788477577335	3.25746579957216	1.65431045550509	2.14672562789758	1.07821350139927	1.14314405571903	2.55447249738008	0.998046241964711	2.14068459145001	3.2939284193151	1.0812635486262	2.02751216004455	2.94139735816743	1.1753268715861	1.46437521361812	0.986487960154441	1.17266209133331	1.45244196711596	2.67284488203189	0.884704515851604	2.88764593850273	2.9894322106496	2.01100984260679	0.881315494158134	3.27267796599395	2.19489265403898	1.6106840812654	1.23746495983196	0.227561552317463	1.42768049142054	2.48854916524259	1.0366683889277	1.90290552668631	2.77507504219246	1.01029913164891	0.739946492656305	2.42839088030233	0.466201129444468	0	1.0787688840916	1.28937442538415	1.84353863962994	1.49756532841254	2.58526660736521	2.49829640394255	1.60648700974241	1.37697597573865	0.523424453968767	1.50489800668444	2.15006957027992	1.21110537095972	0.574825018012472	2.21215536393139	2.18841681835107	3.00338323422586	2.61615877548677	1.19763906162698	2.6333830610701	1.64418503037483	1.62959170193722
"AqFl2-52"	2.16802884139394	1.43048604410665	2.43963616017174	1.59756908981928	0.910203332725855	2.55914968546268	3.85403036812944	2.68175785948337	1.914772196207	2.23625846602271	2.20107547543811	0.340798250916808	3.37843218641848	3.8325244329494	2.22891943023819	3.13905098547133	2.12920950347831	0.960026682526654	2.25575008796642	1.4776213747167	3.03494631542497	3.83941824279072	2.04819514471719	2.0595242168569	3.21039206322312	1.93924801425591	2.46705839685093	1.1817545075483	0.660161050405093	2.40701387264167	2.31106833929541	1.32474826172868	3.21585537206005	3.82874297193893	1.98911048112418	1.7943766594582	3.57076743483553	3.06029175720587	2.63143137699358	0.747971572053741	1.06868834846186	0.640415382607984	2.3919664911125	1.50000257847662	2.82960211164327	3.06968134028774	1.98662112084469	1.21211248543062	2.16417955437835	1.05268811956639	1.0787688840916	0	2.23763433239085	1.80689517489688	2.35605535832638	2.61500305086616	2.67939864567661	2.10946855225787	0.333658667187251	1.55839531577724	2.37805000127284	2.35223992353067	0.319957925338235	1.58533202924726	3.18328655586608	3.00311039931466	3.35816199842087	3.49275400075666	2.01723587839582	2.69630614707846	2.63784995576817	1.4427762193235
"AqFl2-53"	3.39670455318153	1.56346616320705	0.45126369033671	1.91257583490009	1.79303865757526	0.512189825829838	3.79406390864789	1.05547049118771	1.47374765976497	3.10887407843235	0.691329977941306	2.52358272881772	1.61249655915205	2.95014880178323	1.14434993879122	1.04320398610718	0.460566567060141	1.75784044287156	3.44788097798017	1.82161343404503	1.59011026025352	3.14908873954448	0.254543183372441	1.93155946032433	3.55046195914376	1.75405356592894	0.646632877140285	2.18709718796239	1.99576207587271	0.280532137880208	3.53913950717913	1.85426814317798	3.092866260583	2.16396188258547	1.96337665831321	0.748477839107588	3.12408294795001	1.54460664833527	0.538939820776594	2.05702906389187	1.28391903294461	2.47823738629658	3.24104320916286	1.80964856551462	1.38503453598672	3.2483622514127	0.809830529141048	1.14725608483827	3.16126361580275	1.33375241862656	1.28937442538415	2.23763433239085	0	1.96317316625462	1.36713499830148	3.36657257097872	3.10625066067859	2.23778257708442	2.52373138397001	0.957840985558205	1.07680010690531	2.34314328213374	2.44592342708446	1.06337020893488	1.60916638704265	1.3921805761198	3.09137363244419	1.91288240303389	1.60030411920214	3.38750922745361	0.741489140443076	1.91924612787731
"AqFl2-54"	2.64793911739715	2.07932815459601	2.03338708276543	0.576293101341712	1.18790802668707	2.46771182279031	4.27963638917208	2.44127954425667	2.15918765563143	2.5337854079694	2.21355633922405	2.11716022893067	2.53590110948829	3.00033135743042	1.11606450772248	2.59849125690728	2.17733122807057	0.882041110204099	2.68626299562873	2.03381294245562	2.57485157544967	3.23040318239602	1.85760837920193	0.474906146740259	3.66309597944673	2.53303389316683	2.17951676896612	2.64764881048541	1.2047453477399	1.99946367794016	2.61422675289748	2.09056938614249	2.81744736921196	2.92782132137781	0.618273468199621	1.65761513896586	2.43733197202549	2.42846820700509	2.34079722358143	1.07973306344788	1.67159806446476	1.58882146436192	2.62213751064795	1.95586960656947	2.48127581087005	3.20026169256822	1.93554277435546	1.15152895011507	2.1510953814341	1.45475570485148	1.84353863962994	1.80689517489688	1.96317316625462	0	2.2023343426633	3.09487668742651	2.90301301079772	2.61254562337585	2.00721546208889	1.90549087711364	1.96776454462471	1.54554623434871	2.10999217499124	1.97866937149835	2.88135745081919	2.12794451280855	2.77844590093021	2.82454754824605	2.40987487891313	3.15516166524195	2.26004992579714	0.799842642373364
"AqFl2-55"	2.51483907623277	1.07015867209868	1.03983734100498	2.43568479569505	2.31191409657031	1.44956188202596	2.5019786406099	0.64460346884753	0.554805167224157	2.10543706301323	0.82431195984629	2.63831278785228	1.33642612796823	1.90169123152344	1.40095681001441	1.34726224679418	1.15449303214019	2.05854969044973	2.54272873898933	1.09978996451513	0.721943296291262	1.940498712001	1.17697828868279	2.43382518876736	2.2752479842691	0.948862696208867	0.837266508220023	2.07848321692059	2.29329616293648	1.21934518933658	2.67897307212608	1.26843924827757	1.8505455478426	1.67458101041548	2.55726904253406	0.847738554059858	2.29780641331104	0.857613495724416	1.18073764369032	2.17868907889637	1.3754439858709	2.34969164868276	2.21157399786863	1.06137176538148	0.539207920158469	1.93853123924455	0.638961719249309	1.58570228746329	2.34425167523367	1.35336054712094	1.49756532841254	2.35605535832638	1.36713499830148	2.2023343426633	0	2.22975561152278	1.88703771863312	1.13960552473135	2.68859477633993	1.0265403776305	0.425342925684334	1.5781714528004	2.48050802399356	0.955937256270606	0.89877462099134	1.11150229486882	1.90366249818065	1.22395997160232	0.689289137803825	2.223478646636	0.900113917807708	2.49680021803092
"AqFl2-56"	0.907488383571936	1.96409231605641	3.17893073043786	3.39629050715665	3.15351850485477	3.5257983812564	1.74213062109889	2.85749604898217	1.94459373637526	0.643156640641056	2.84864522747155	2.72758454174581	3.36012996580638	2.6575693447375	3.05050177901863	3.57453832851589	3.10123859106901	2.83588065918952	0.888228102362106	1.62269217197388	2.72509269372466	2.32382266716712	3.11774326291597	3.54302243147979	0.843200807550709	1.87813992923715	3.01743616948166	2.40584433492973	2.87058084734013	3.31602273117052	1.13943274530177	1.71031554904129	1.50875057325522	3.47665793428223	3.65517046507557	2.63125617146075	2.68692176405898	2.86014060880832	3.3545043198602	2.62859100048535	2.44949013683324	2.27616251529236	0.650015857717417	1.60788393771008	2.6745521848715	0.831719723545521	2.58165789874687	2.82456651279739	1.31071214247358	2.37434350050787	2.58526660736521	2.61500305086616	3.36657257097872	3.09487668742651	2.22975561152278	0	0.494002391731281	1.26290726134245	2.8205291959591	2.54073650122293	2.5612518938655	1.9580217284146	2.54682052262004	2.42689048847582	2.92112261297753	3.10616455838741	1.82230620595782	3.08713658066928	1.93718368825164	0.10480425551444	3.1147492286034	3.42969984916532
"AqFl2-57"	1.15787391022873	1.84903576952644	2.86944061788943	3.25368631536116	3.08995802657289	3.26390050740245	1.63484701486423	2.51650600428897	1.70493056507192	0.708436136507992	2.58662938022665	2.84663908811419	2.92832071951863	2.16564959606934	2.73614579613495	3.21009600177796	2.86599789939284	2.74326545522037	1.13049571060398	1.50440927650702	2.31061459938842	1.83897122911869	2.86676726698836	3.33737213624795	0.833551156371039	1.72866893851163	2.70393917975056	2.49192680444054	2.84120922517607	3.02128673006774	1.32639026327493	1.64891499954847	1.04336813040084	3.01117682997653	3.47255665688679	2.38247870617634	2.26419598985706	2.43561504986892	3.04968666927979	2.59058616695918	2.34200910263901	2.34163101528029	0.704021043562401	1.46645056866463	2.29009706149471	0.451032502140552	2.31626360234485	2.66972546458336	1.30434531654421	2.25015868555768	2.49829640394255	2.67939864567661	3.10625066067859	2.90301301079772	1.88703771863312	0.494002391731281	0	1.09899679897611	2.92564957930353	2.3647787049293	2.21016081109239	1.62300912052703	2.66402460236242	2.25244888054377	2.53346946674577	2.69178018483606	1.35833214395327	2.63869606019781	1.7246879814416	0.455172107690401	2.78110006257433	3.31448228540384
"AqFl2-58"	1.70146013638777	0.896375355582963	2.05520441431422	2.82176679593561	2.49574274057555	2.31592730096213	1.81321340210532	1.70283744117113	0.76726183434429	1.33865803992526	1.64598166204699	2.2934162177501	2.43905870584021	2.38266619797323	2.23922917993159	2.45342655370914	1.91016642935446	2.2389917436011	1.73743164868919	0.6861888400644	1.74503544201077	2.18191798448203	1.99676424870859	2.9706986269785	1.3643462652689	0.636961202271835	1.8633380183809	1.6170549936093	2.32696224930301	2.19339385887846	1.95791821370262	0.807948228760376	1.69569229707442	2.67800935897646	3.06562875071441	1.56326167458214	2.66696422772283	1.92600864173541	2.17784520471734	2.16837528047618	1.50442641958176	2.03011577525386	1.46698927003183	0.710334816153646	1.61364734192618	1.26568144138507	1.43848842872274	1.97418557515591	1.83467867152731	1.50576316908386	1.60648700974241	2.10946855225787	2.23778257708442	2.61254562337585	1.13960552473135	1.26290726134245	1.09899679897611	0	2.39743019677171	1.42153694154068	1.52026386927819	1.76578559129591	2.09647559934538	1.28961492992391	1.85153131642243	2.20565826465562	1.92548941971439	2.21039185472467	0.688686125529394	1.26222842592963	1.97524421287604	2.83312742522994
"AqFl2-59"	2.31422082854535	1.74464280672642	2.74937254820488	1.74816310488515	1.06226226221827	2.84170913300397	4.10645034918529	3.00740551998602	2.24005468594733	2.44285099302233	2.51450565169889	0.182469513604968	3.70384968675707	4.14711014603916	2.52162318631755	3.4511978987707	2.42471202600073	1.18154969146944	2.4042034113644	1.78779829713835	3.36826673724687	4.14885451091487	2.34638007854074	2.23758477174026	3.44327224687087	2.23938507083264	2.78459634388222	1.34860633084926	0.828385268898826	2.70644564589593	2.44592919347582	1.62616642250326	3.49749982582849	4.15734980502801	2.1430140543639	2.11736084257477	3.84658905881299	3.39232654020713	2.93493547938649	0.950093952435601	1.38895414694194	0.775339026683319	2.5938738934152	1.81379656688079	3.16175643414892	3.32962006574734	2.31186154300455	1.49981990561987	2.34340821279303	1.38217363248354	1.37697597573865	0.333658667187251	2.52373138397001	2.00721546208889	2.68859477633993	2.8205291959591	2.92564957930353	2.39743019677171	0	1.87348596526543	2.70966869325985	2.62994490815261	0.355804829938792	1.90292667246444	3.5127980824026	3.32656849372557	3.64529594095554	3.8254755883965	2.33214591424079	2.90689980686329	2.95599261051609	1.57081396998559
"AqFl2-60"	2.57811388008513	0.621881356459317	1.02333274129679	1.89484388377737	1.5128508189144	1.14787085657375	3.13315552654966	1.16041378666386	0.750011319271819	2.32568129164282	0.650055651242267	1.82455189886732	2.02296857167062	2.85619215132662	1.40498951163863	1.66626007650621	0.672585586361239	1.41094817482223	2.63887452747369	0.930921993811429	1.63423790453289	2.91062889747669	0.717543232201495	2.07935157852856	2.78362462883505	0.930074458648843	0.968326132849389	1.32311961094367	1.55304103669386	1.05064559928728	2.7682885844193	0.918727932080741	2.62374847269862	2.49984732226996	2.11051944058595	0.464752926055042	2.99886677586058	1.69980910232368	1.1573330034611	1.55994705763271	0.495371663540735	1.7883618370153	2.47659327240096	0.950669922522979	1.38982465287434	2.57132491843144	0.50060013356252	0.861106884289893	2.47805276314708	0.625883394838929	0.523424453968767	1.55839531577724	0.957840985558205	1.90549087711364	1.0265403776305	2.54073650122293	2.3647787049293	1.42153694154068	1.87348596526543	0	1.0241084736926	1.98237950886649	1.69528418662316	0.139027345531385	1.6913278758646	1.73216144984237	2.71543315785369	2.1116238475355	0.856971456367767	2.57077174218029	1.14858991083303	1.86058440102099
"AqFl2-61"	2.74465090456624	1.26521889334541	0.708567208242464	2.19693992678349	2.16918174697231	1.24079753521049	2.91067663371423	0.543552941450154	0.848679054576218	2.35482121655425	0.729100071710379	2.68489524906052	1.06452037384726	1.93726589717874	1.03761740489183	1.05955533942053	1.00071581873991	1.92485225407586	2.77344843883965	1.33378248293857	0.698325176637269	2.08444213517126	0.920990069254612	2.13890490504868	2.66711821225197	1.28026321325098	0.577530267564688	2.25214898435769	2.20432367162804	0.889163862970343	2.87650878044059	1.48748544189039	2.05637464141199	1.49493231037544	2.26801074841586	0.676509970061831	2.24305224116651	0.694123689370204	0.918599980498382	2.10912426898155	1.37620538614371	2.3840370367483	2.45831819990268	1.2826243211091	0.528302672966385	2.2801308951559	0.544986780898482	1.42114817533681	2.48711180575241	1.32942686466393	1.50489800668444	2.37805000127284	1.07680010690531	1.96776454462471	0.425342925684334	2.5612518938655	2.21016081109239	1.52026386927819	2.70966869325985	1.0241084736926	0	1.56461733411699	2.54976702266864	1.0093048545248	0.929972806065787	0.775722570904985	2.05213397718465	1.1264482693034	1.02957554524068	2.56269418283871	0.615550844864475	2.27665529073651
"AqFl2-62"	1.80767042028965	1.83173945707731	2.12423052323382	2.05016466488282	2.26321843414768	2.69523985737589	3.01937025723865	2.08970586919921	1.64037546493084	1.47600779713176	2.15537296515543	2.64717406619212	2.10295432938793	1.71043493071488	1.46809274622267	2.51029482548486	2.35309249531999	1.84084715644185	1.80098842294009	1.57295719709897	1.87953035450418	1.81131940600502	2.15463109579346	1.9454545050704	2.41106473443229	2.02576282525264	2.0994900633255	2.72082116840163	2.1071998496163	2.23420646843719	1.76811921637506	1.75977741700691	1.28533807762557	2.27180927766285	2.13631921414105	1.72205406345698	1.22498713885864	1.79932783349373	2.41545574732583	1.83380402000878	1.92442773436434	1.94594704423214	1.50327377026672	1.46070046229418	1.88874038960891	1.82447060171133	1.81530091282204	1.83630881807419	1.25720214403439	1.71111246645769	2.15006957027992	2.35223992353067	2.34314328213374	1.54554623434871	1.5781714528004	1.9580217284146	1.62300912052703	1.76578559129591	2.62994490815261	1.98237950886649	1.56461733411699	0	2.52872437670775	1.95409002377844	2.26780468045444	1.74744031813766	1.24863350281135	2.09834337864041	1.86768683280774	1.98611502653122	2.1454271834984	2.20621747752284
"AqFl2-63"	2.11774656125219	1.4821086534387	2.6380027771925	1.91652885455954	1.22178857405614	2.72503393138429	3.7806190173969	2.82628974521314	1.99679682586149	2.22272934846503	2.34461550633542	0.202585223127107	3.57846299158389	3.97878902098057	2.49707083384698	3.32771717562266	2.28777848983515	1.27418798414659	2.21027843370561	1.52132781913253	3.18101627776241	3.94672261988542	2.24877589196039	2.37658028427117	3.1356412616169	1.94756027861962	2.64042950567872	1.03434478356216	0.97796351822071	2.6151189717194	2.28884286060522	1.34184599011488	3.29376926343898	4.01853411827556	2.30859274236084	1.98397364058744	3.75354851388137	3.2312901448519	2.8105480850652	1.04064481353656	1.22843261353281	0.770481041713029	2.38148392463049	1.56123170430026	2.97085049233958	3.05998717151148	2.14348070301512	1.48144357305118	2.21449680974979	1.24844282099055	1.21110537095972	0.319957925338235	2.44592342708446	2.10999217499124	2.48050802399356	2.54682052262004	2.66402460236242	2.09647559934538	0.355804829938792	1.69528418662316	2.54976702266864	2.52872437670775	0	1.70265350550485	3.30907634543603	3.21371466168362	3.46230879006072	3.65584805141027	2.06343973221692	2.62980402946037	2.81566572014282	1.76045649470088
"AqFl2-64"	2.4980335539291	0.510408305115803	1.08502186713669	1.99226277423749	1.60541911983456	1.21883764013688	2.99730019891293	1.14067955928466	0.630700845116643	2.23575943888572	0.666974756206726	1.84372340987048	2.03046715451889	2.80094127617765	1.47585590006869	1.70030781891947	0.747041237536027	1.48556528097567	2.55789424882535	0.827569358515306	1.5927977748064	2.83332174915436	0.821459358381398	2.17522249820319	2.65252452788663	0.791258432007299	0.997843662059138	1.27879832716899	1.61907335417327	1.13332281378228	2.69756738008015	0.821375576612099	2.5369786560316	2.48960146825776	2.21366370157138	0.526582477964006	2.97003262813368	1.67793550498706	1.21052821681825	1.60806262494732	0.538072514054509	1.79479921642583	2.38697462869906	0.854067750652385	1.34839338507341	2.45362789332994	0.504488691101869	0.963400535354664	2.42082981813991	0.664761004497853	0.574825018012472	1.58533202924726	1.06337020893488	1.97866937149835	0.955937256270606	2.42689048847582	2.25244888054377	1.28961492992391	1.90292667246444	0.139027345531385	1.0093048545248	1.95409002377844	1.70265350550485	0	1.64628382286132	1.74652217745595	2.64025140279852	2.08295966110559	0.72322531352105	2.45452639886203	1.17543961443054	1.9615706726377
"AqFl2-65"	3.34024719802083	1.87406379844816	1.19350480778254	3.10565556268127	3.04407639977377	1.46333662553536	2.68993959976628	0.580693615731485	1.37894001759491	2.89502576442809	1.15404992425297	3.46100508055205	0.959739929418353	1.9003952761754	1.86605925132269	0.959517702615169	1.44917520430528	2.83390259110549	3.35838325216498	1.96369288709289	0.421073395684326	1.99591848526056	1.54513292652653	3.01918399247468	2.74778832372258	1.61664440568543	0.97231478095596	2.78066542369992	3.09061391282322	1.38133151576537	3.50108837177644	2.11101437231046	2.29271635368071	1.19006305756055	3.15011767823312	1.48890948091838	2.6207974157405	0.643118484353136	1.14497756120986	3.00917939951246	2.14000886549152	3.23108380941341	2.98006612005616	1.94068837054267	0.415049267405586	2.44301150816374	1.23758883903528	2.29105746833916	3.16557305294265	2.15734243062123	2.21215536393139	3.18328655586608	1.60916638704265	2.88135745081919	0.89877462099134	2.92112261297753	2.53346946674577	1.85153131642243	3.5127980824026	1.6913278758646	0.929972806065787	2.26780468045444	3.30907634543603	1.64628382286132	0	1.05644440443149	2.2796570032313	0.702819760718977	1.39262877000411	2.89100270639498	0.88227344337624	3.17932821521467
"AqFl2-66"	3.27635492798773	2.02924198442662	0.983720512053564	2.42964349332389	2.62257589109107	1.55462251221198	3.35579431173671	0.9572423719343	1.60973984002182	2.86472524533786	1.33518616106844	3.32921235851207	0.418489989166827	1.68374759105528	1.05604958920643	0.906772670093447	1.52147781062731	2.36641269864744	3.29018329354601	2.06397300405481	0.757757964464308	2.00453054248332	1.36312193451485	2.2050553498258	3.17572898051141	2.04043797409585	0.984289321006794	3.00962647715604	2.70185892280738	1.12704704536526	3.35151849717563	2.2318283817242	2.23377797120808	0.875956705916107	2.37263260554015	1.30871722276348	2.01400365088737	0.484842289135491	1.1585801069869	2.59970508525827	2.05376908283732	2.95383936936076	2.9367871126694	1.99621736311645	0.82587577611488	2.69517428070864	1.25475869393986	1.91419557606421	2.90114977341427	1.9717598966752	2.18841681835107	3.00311039931466	1.3921805761198	2.12794451280855	1.11150229486882	3.10616455838741	2.69178018483606	2.20565826465562	3.32656849372557	1.73216144984237	0.775722570904985	1.74744031813766	3.21371466168362	1.74652217745595	1.05644440443149	0	2.11588255796594	0.770015835432617	1.78385346935444	3.0991050896205	0.870746374764031	2.56537259605702
"AqFl2-67"	2.14147177473154	2.45857486028859	2.74197728687851	3.27702800120308	3.41720862628309	3.28885767412708	2.30906662507575	2.4096881571568	2.09318480625559	1.68927564667378	2.7059142219967	3.61887130743438	2.28605666176858	0.962440327337453	2.41500963820102	2.88244986908399	3.00512687515746	3.0115415504185	2.09312921224583	2.17183918803449	1.93424997914976	0.76284463638244	2.91013274429581	3.14510729380797	1.89600482368945	2.37094626825587	2.62004692445573	3.38997643504105	3.25192523043354	2.91174384801263	2.125416052974	2.3881996695771	0.324649947437877	2.17808795074555	3.34659194428472	2.49293245562696	1.06412496198738	1.93707988946993	2.95208574746394	2.98357228452009	2.80366337365178	2.97402435329595	1.6311678645903	2.08367268060577	2.05852596476248	1.23032227059707	2.4392823867359	2.88723942202612	1.80650817124732	2.65177216897037	3.00338323422586	3.35816199842087	3.09137363244419	2.77844590093021	1.90366249818065	1.82230620595782	1.35833214395327	1.92548941971439	3.64529594095554	2.71543315785369	2.05213397718465	1.24863350281135	3.46230879006072	2.64025140279852	2.2796570032313	2.11588255796594	0	2.00619208910826	2.21473704555911	1.78636235637343	2.61663370739429	3.42573367160297
"AqFl2-68"	3.45789291576331	2.29073813261158	1.46246396652513	3.14472741973983	3.25359023568213	1.89453114323635	2.94231375085447	1.05836608920498	1.77645186091143	2.99227219274744	1.62900562907335	3.79851362284729	0.544828904698808	1.39524013054662	1.79376859785436	1.13325566459864	1.8974931789784	2.98889966392311	3.46076386665534	2.30209452600744	0.515445593947745	1.63848454526816	1.87036728345263	2.95023975687037	2.95324590046094	2.11471672167871	1.33462492658533	3.28236928602158	3.29604604096551	1.64222569504455	3.55956307445972	2.48535850180556	2.11634916301385	0.520619191890837	3.11970180104788	1.78645069784809	2.14428856272262	0.44041247411487	1.50769047135422	3.17623661782647	2.49814128462411	3.43812978306981	3.04703251201262	2.24789771887472	0.759160739636167	2.51685966765378	1.61650505981785	2.51400525528578	3.1653093703976	2.4510186363314	2.61615877548677	3.49275400075666	1.91288240303389	2.82454754824605	1.22395997160232	3.08713658066928	2.63869606019781	2.21039185472467	3.8254755883965	2.1116238475355	1.1264482693034	2.09834337864041	3.65584805141027	2.08295966110559	0.702819760718977	0.770015835432617	2.00619208910826	0	1.86542007882882	3.05462727239792	1.20246528336421	3.26825522642004
"AqFl2-69"	2.24888366287936	0.587891218948733	1.43231667619812	2.55015525986873	2.21697419198807	1.63290548641216	2.27960635816698	1.11095385295688	0.263873327988349	1.90223799530782	0.972660746604854	2.24248370250969	2.00593166131532	2.42916973625572	1.8416762917062	1.8519035721233	1.24081730461825	2.01653521361439	2.29397682145298	0.68209333309506	1.3533483331565	2.35048730970591	1.37232250808053	2.6827349939622	2.00305962456084	0.259590509045843	1.23069122541971	1.48679960432022	2.14670785080742	1.56317013146144	2.47969545544383	0.779134065495175	2.0647728959653	2.34410439548192	2.76327895716533	1.01321935094376	2.77411987261209	1.53358011737817	1.51971244290282	2.05536666820572	1.1285901820554	2.08929813649153	2.03870839215794	0.71609032713318	1.14764443016632	1.84858184898207	0.824287660916209	1.58692960838572	2.25897435961968	1.18762045027525	1.19763906162698	2.01723587839582	1.60030411920214	2.40987487891313	0.689289137803825	1.93718368825164	1.7246879814416	0.688686125529394	2.33214591424079	0.856971456367767	1.02957554524068	1.86768683280774	2.06343973221692	0.72322531352105	1.39262877000411	1.78385346935444	2.21473704555911	1.86542007882882	0	1.94056963270573	1.3586918225587	2.55220404985031
"AqFl2-70"	1.00711110880055	1.99816974801111	3.18860640535981	3.46288272461477	3.22498720754697	3.53575500792814	1.64552636296017	2.84761384885183	1.9548351288396	0.72257188168203	2.85745697029154	2.81255685769652	3.34238004910079	2.61347851291006	3.07908473340105	3.56625408200111	3.11793368245482	2.90572574503366	0.984329576661914	1.66102090449211	2.69989276372301	2.26546944786762	3.14026421300613	3.60063397458175	0.744667283467421	1.8856730815463	3.02101389811048	2.45902070966096	2.94785681737319	3.33016617714611	1.22922214899557	1.75507154145355	1.46835699198179	3.44572814406108	3.71635510808147	2.65644311881493	2.6788644860101	2.84027401413376	3.35880494489091	2.70684857219908	2.49837330874063	2.36573107548026	0.720053003445927	1.64638243849322	2.65565390114048	0.74903587320355	2.59639048933537	2.87726524695628	1.38729080320526	2.42627879516785	2.6333830610701	2.69630614707846	3.38750922745361	3.15516166524195	2.223478646636	0.10480425551444	0.455172107690401	1.26222842592963	2.90689980686329	2.57077174218029	2.56269418283871	1.98611502653122	2.62980402946037	2.45452639886203	2.89100270639498	3.0991050896205	1.78636235637343	3.05462727239792	1.94056963270573	0	3.11416334258736	3.49918067489907
"AqFl2-71"	3.31112405052725	1.58698673320907	0.316643481144065	2.37997671857533	2.32792101619318	0.732137354396011	3.29465111212037	0.388630992748706	1.25277322987711	2.93815604741701	0.568331311608301	2.93304563762981	1.00341220865453	2.35325770321158	1.23167841723642	0.534662324585621	0.727803177477771	2.18010648694357	3.34667342380893	1.77065125902775	0.882433638372684	2.54115766409824	0.720810383888633	2.31497069943677	3.16012614385304	1.57733843144307	0.181835291287586	2.42924741785832	2.44887314823509	0.499270701012003	3.45721337560359	1.87358907558338	2.63593197342996	1.52042689837496	2.41164309647693	0.855989927391123	2.74075789221471	0.86735404751373	0.346431126533965	2.42625402229103	1.58735404133062	2.76626025613753	3.05021290832874	1.74590564282364	0.695503276996506	2.82941666616027	0.703585239692654	1.58991924561036	3.07561622716558	1.60814033421673	1.64418503037483	2.63784995576817	0.741489140443076	2.26004992579714	0.900113917807708	3.1147492286034	2.78110006257433	1.97524421287604	2.95599261051609	1.14858991083303	0.615550844864475	2.1454271834984	2.81566572014282	1.17543961443054	0.88227344337624	0.870746374764031	2.61663370739429	1.20246528336421	1.3586918225587	3.11416334258736	0	2.43573010748343
"AqFl2-72"	2.95013898399488	2.10772608903954	2.1541919183446	0.247627490846907	0.597452380632916	2.40412346624558	4.61424314121675	2.65322598335455	2.34057328019684	2.90765295261844	2.26539032804018	1.70764304348171	2.95614006689106	3.65920812548542	1.52565492684301	2.79365660571875	2.12176065664476	0.628602922942782	3.00977195181076	2.16725878508711	2.95376575534524	3.85725970753624	1.84000398573052	0.752417497652784	4.00861767722821	2.62137641568453	2.32178861520638	2.38267506194973	0.791778531705624	2.06172550905693	2.96834355396102	2.14287062367796	3.41841158338191	3.42515697444302	0.594485464160975	1.75785828938471	3.20353323672613	2.8446816528745	2.40943793648883	0.898195997823629	1.54084373588491	1.47814437099964	3.02627725267415	2.12525551129724	2.80082168847694	3.64668698403434	2.05458986433664	1.00132186886028	2.59268641237963	1.40128105111875	1.62959170193722	1.4427762193235	1.91924612787731	0.799842642373364	2.49680021803092	3.42969984916532	3.31448228540384	2.83312742522994	1.57081396998559	1.86058440102099	2.27665529073651	2.20621747752284	1.76045649470088	1.9615706726377	3.17932821521467	2.56537259605702	3.42573367160297	3.26825522642004	2.55220404985031	3.49918067489907	2.43573010748343	0
